molecule,basis,Afreq,Bfreq,Cfreq,dipolar,octupolar,Beta
FNO,aug-cc-pVDZ,0.0,0.0,0.0,318.62162032518,171.90591379851998,9.33685152002761
FNO,aug-cc-pVTZ,0.0,0.0,0.0,284.1709385459046,184.23874520441834,8.983075454262366
FNO,aug-cc-pVQZ,0.0,0.0,0.0,261.0192724980846,210.8764396500584,8.83672751759467
FNO,aug-cc-pV5Z,0.0,0.0,0.0,251.00269104572692,225.8864839420457,8.791551299890727
FNO,aug-cc-pCVDZ,0.0,0.0,0.0,323.2329046182366,172.24882796928634,9.393305309761699
FNO,aug-cc-pCVTZ,0.0,0.0,0.0,287.8030729671864,185.07138066642557,9.032280122699214
FNO,aug-cc-pCVQZ,0.0,0.0,0.0,261.15084228851043,211.03326683144155,8.83922659928215
FNO,d-aug-cc-pVDZ,0.0,0.0,0.0,237.33405630629758,236.71524049191046,8.676705020898005
FNO,d-aug-cc-pVTZ,0.0,0.0,0.0,233.53413563598963,242.35546243931842,8.658980725180296
FNO,d-aug-cc-pVQZ,0.0,0.0,0.0,233.20495232527261,240.21959629759039,8.642995981093371
FNO,d-aug-cc-pV5Z,0.0,0.0,0.0,233.06951893214642,241.8779593882256,8.650388578646501
FNO,d-aug-cc-pCVDZ,0.0,0.0,0.0,240.59031153735654,239.67187463688634,8.734437961170068
FNO,d-aug-cc-pCVTZ,0.0,0.0,0.0,234.28395233472,242.07983511847996,8.667082722061838
FNO,d-aug-cc-pCVQZ,0.0,0.0,0.0,233.25001562748534,240.41343058770155,8.644643081408079
FNO,MRA,0.0,0.0,0.0,233.5356226490106,242.58521156685356,8.66026318974608
CH3SH,aug-cc-pVDZ,0.0,0.0,0.0,2203.95120880584,2420.32806015196,26.837927818488023
CH3SH,aug-cc-pVTZ,0.0,0.0,0.0,4697.436736462025,2828.877313650902,36.23936695555354
CH3SH,aug-cc-pVQZ,0.0,0.0,0.0,6201.052444503663,3285.5126972506505,41.12076878538235
CH3SH,aug-cc-pV5Z,0.0,0.0,0.0,6343.382840287835,3287.402006175747,41.505741006819115
CH3SH,aug-cc-pCVDZ,0.0,0.0,0.0,2256.16590591078,2427.5449918435206,27.06593730949403
CH3SH,aug-cc-pCVTZ,0.0,0.0,0.0,4809.559956753123,2823.6297286256886,36.574693689936275
CH3SH,aug-cc-pCVQZ,0.0,0.0,0.0,6308.990113424159,3308.67808747904,41.43802603636754
CH3SH,d-aug-cc-pVDZ,0.0,0.0,0.0,6623.449723870236,3633.4388194819476,42.63706730941074
CH3SH,d-aug-cc-pVTZ,0.0,0.0,0.0,6924.292185283731,3449.667589804321,43.2119354714328
CH3SH,d-aug-cc-pVQZ,0.0,0.0,0.0,6968.052725679091,3451.710919080804,43.32655691960545
CH3SH,d-aug-cc-pV5Z,0.0,0.0,0.0,7075.286914551173,3444.877781561852,43.59322859407591
CH3SH,d-aug-cc-pCVDZ,0.0,0.0,0.0,6727.837924084036,3631.6658108537413,42.90627027146405
CH3SH,d-aug-cc-pCVTZ,0.0,0.0,0.0,7096.764520723358,3446.6008992188335,43.64981657545054
CH3SH,d-aug-cc-pCVQZ,0.0,0.0,0.0,7088.321497681103,3451.172675992014,43.63330914610402
CH3SH,MRA,0.0,0.0,0.0,7113.193329228616,3437.14324247546,43.68130726284784
N2H2,aug-cc-pVDZ,0.0,0.0,0.0,270.46009654872006,642.03472327868,11.011285474424518
N2H2,aug-cc-pVTZ,0.0,0.0,0.0,329.9386449947886,498.1544614466344,10.989221124823516
N2H2,aug-cc-pVQZ,0.0,0.0,0.0,301.27774291486554,444.37632105706234,10.453332670637803
N2H2,aug-cc-pCVDZ,0.0,0.0,0.0,275.40508487046,639.61271470544,11.050639194627008
N2H2,aug-cc-pCVTZ,0.0,0.0,0.0,329.086905426255,497.64208297612004,10.978383647924701
N2H2,aug-cc-pCVQZ,0.0,0.0,0.0,301.93451349389346,443.6266873258336,10.456898165894941
N2H2,d-aug-cc-pVDZ,0.0,0.0,0.0,266.18867433021364,490.34947872777434,10.28848818316246
N2H2,d-aug-cc-pVTZ,0.0,0.0,0.0,322.7233920748538,425.97494677984935,10.596478278203062
N2H2,d-aug-cc-pVQZ,0.0,0.0,0.0,312.6128283799304,430.9691933472339,10.512573543069806
N2H2,d-aug-cc-pCVDZ,0.0,0.0,0.0,269.7426221680326,487.29671048425035,10.312711352914858
N2H2,d-aug-cc-pCVTZ,0.0,0.0,0.0,320.6497379286293,425.83523714766955,10.574083137023266
N2H2,d-aug-cc-pCVQZ,0.0,0.0,0.0,312.3444226978915,430.5082448060697,10.507647545015404
N2H2,MRA,0.0,0.0,0.0,310.74638032275243,427.35695900704013,10.476421810208347
CH3NH2,aug-cc-pVDZ,0.0,0.0,0.0,188.84068128985513,254.1984975415945,8.134738874754193
CH3NH2,aug-cc-pVTZ,0.0,0.0,0.0,182.21573222299222,237.59244111310352,7.944824508636046
CH3NH2,aug-cc-pVQZ,0.0,0.0,0.0,173.56613139989042,220.47503521778458,7.718022662825734
CH3NH2,aug-cc-pCVDZ,0.0,0.0,0.0,189.9355519862826,251.38301469651836,8.133212153651387
CH3NH2,aug-cc-pCVTZ,0.0,0.0,0.0,182.84837075520403,236.8026764755011,7.948937484578921
CH3NH2,aug-cc-pCVQZ,0.0,0.0,0.0,174.18169625333715,220.59723796088932,7.727632520379876
CH3NH2,d-aug-cc-pVDZ,0.0,0.0,0.0,147.64423362856934,199.24943328529366,7.196246674385122
CH3NH2,d-aug-cc-pVTZ,0.0,0.0,0.0,157.82942487130381,214.67477902643853,7.451068552703927
CH3NH2,d-aug-cc-pVQZ,0.0,0.0,0.0,157.00980055582212,213.06210452158172,7.428505623087196
CH3NH2,d-aug-cc-pCVDZ,0.0,0.0,0.0,149.51980078496166,198.51626686945505,7.220313949343368
CH3NH2,d-aug-cc-pCVTZ,0.0,0.0,0.0,158.11605992061936,214.79963824824787,7.456139122171549
CH3NH2,d-aug-cc-pCVQZ,0.0,0.0,0.0,156.80831913156223,212.95909215197156,7.424830734807018
CH3NH2,MRA,0.0,0.0,0.0,154.64977803611745,213.1172642933002,7.3934768313025145
HOCl,aug-cc-pVDZ,0.0,0.0,0.0,2382.4842209938415,64.90373380884651,23.14351412340888
HOCl,aug-cc-pVTZ,0.0,0.0,0.0,3961.8798426054145,71.56913745155993,29.78647094118273
HOCl,aug-cc-pVQZ,0.0,0.0,0.0,5155.409174156693,113.34227429113366,34.00648446192833
HOCl,aug-cc-pCVDZ,0.0,0.0,0.0,2410.5388056326815,64.51081180578558,23.277009622785357
HOCl,aug-cc-pCVTZ,0.0,0.0,0.0,3969.800781293654,67.06057234349771,29.80880193121087
HOCl,aug-cc-pCVQZ,0.0,0.0,0.0,5191.47940871886,113.48652150944031,34.124336344757964
HOCl,d-aug-cc-pVDZ,0.0,0.0,0.0,5226.663199537753,147.11751243439073,34.28544738907176
HOCl,d-aug-cc-pVTZ,0.0,0.0,0.0,5598.255303179534,128.36142051164052,35.44406341309474
HOCl,d-aug-cc-pVQZ,0.0,0.0,0.0,5662.391013486793,131.918160805571,35.64930221576029
HOCl,d-aug-cc-pCVDZ,0.0,0.0,0.0,5275.976565669736,144.14965131033978,34.44078650431098
HOCl,d-aug-cc-pCVTZ,0.0,0.0,0.0,5635.136284032482,126.56997536729011,35.55709199204973
HOCl,d-aug-cc-pCVQZ,0.0,0.0,0.0,5686.900879449269,131.41037578637759,35.72493561748073
HOCl,MRA,0.0,0.0,0.0,5694.665751108715,124.80218497482456,35.74027420715618
SiO,aug-cc-pVDZ,0.0,0.0,0.0,18745.694964576,306.14974983835464,64.76779378024408
SiO,aug-cc-pVTZ,0.0,0.0,0.0,18790.709995350004,670.4255026465562,65.11192963022292
SiO,aug-cc-pVQZ,0.0,0.0,0.0,17771.169912216,1164.8497042711572,63.71881148024323
SiO,aug-cc-pCVDZ,0.0,0.0,0.0,18928.359504149998,309.9538824623062,65.08318929962402
SiO,aug-cc-pCVTZ,0.0,0.0,0.0,19115.829210246,638.9813960128935,65.6415829925679
SiO,aug-cc-pCVQZ,0.0,0.0,0.0,17915.6966406,1124.9361190095183,63.94061849382077
SiO,d-aug-cc-pVDZ,0.0,0.0,0.0,15110.995034904001,1250.183458730107,58.96663453134291
SiO,d-aug-cc-pVTZ,0.0,0.0,0.0,16752.704084213998,1388.0634491926553,62.08880453669616
SiO,d-aug-cc-pVQZ,0.0,0.0,0.0,16956.946379543995,1345.242803215327,62.42057888850692
SiO,d-aug-cc-pCVDZ,0.0,0.0,0.0,15242.739852965999,1255.9842037650137,59.21902621706177
SiO,d-aug-cc-pCVTZ,0.0,0.0,0.0,16937.081386134,1358.0429542592733,62.39497806555029
SiO,d-aug-cc-pCVQZ,0.0,0.0,0.0,17085.998250054003,1325.9315339340508,62.635195327547315
SiO,MRA,0.0,0.0,0.0,17170.362560837708,1335.6610796462169,62.79205317346905
HBS,aug-cc-pVDZ,0.0,0.0,0.0,9436.676106149998,1850.6475777234823,47.679044505520224
HBS,aug-cc-pVTZ,0.0,0.0,0.0,3971.039082318959,2033.2301730656243,32.80387322051477
HBS,aug-cc-pVQZ,0.0,0.0,0.0,2462.1232954061393,2535.5273064792195,28.082330764797856
HBS,aug-cc-pCVDZ,0.0,0.0,0.0,9281.529150053999,1814.923865008199,47.2801430333166
HBS,aug-cc-pCVTZ,0.0,0.0,0.0,3897.0480810261597,2050.017456399721,32.576839049005876
HBS,aug-cc-pCVQZ,0.0,0.0,0.0,2438.2676729570403,2581.7954076282617,28.066395165287926
HBS,d-aug-cc-pVDZ,0.0,0.0,0.0,3030.22410801624,2427.1791440656016,30.07562224787973
HBS,d-aug-cc-pVTZ,0.0,0.0,0.0,2320.6539311184592,2302.7798525177004,27.1111276137369
HBS,d-aug-cc-pVQZ,0.0,0.0,0.0,2180.982550871039,2544.307624666018,26.96252586378745
HBS,d-aug-cc-pCVDZ,0.0,0.0,0.0,2918.2147869773403,2415.9259215399825,29.64085622730324
HBS,d-aug-cc-pCVTZ,0.0,0.0,0.0,2265.6393780539997,2330.7030086955156,26.934125797196238
HBS,d-aug-cc-pCVQZ,0.0,0.0,0.0,2157.4584280776594,2561.1659582552725,26.89527418883033
HBS,MRA,0.0,0.0,0.0,2151.2005015904856,2577.004841815226,26.897464350061473
HBO,aug-cc-pVDZ,0.0,0.0,0.0,2390.980576536,58.60612130715909,23.17133039707877
HBO,aug-cc-pVTZ,0.0,0.0,0.0,1773.02989592214,85.84255271442726,20.05447891991091
HBO,aug-cc-pVQZ,0.0,0.0,0.0,1468.3168937741398,143.16470079183577,18.437119527455103
HBO,aug-cc-pCVDZ,0.0,0.0,0.0,2386.6419614939996,54.31511271577699,23.14168853410859
HBO,aug-cc-pCVTZ,0.0,0.0,0.0,1768.5714553922398,83.85982259746648,20.025047534206767
HBO,aug-cc-pCVQZ,0.0,0.0,0.0,1470.6846485999997,143.32663152964332,18.451801163674386
HBO,d-aug-cc-pVDZ,0.0,0.0,0.0,1503.7517430000603,197.15403270487442,18.786793993210622
HBO,d-aug-cc-pVTZ,0.0,0.0,0.0,1387.6708065698401,180.02828521095037,18.042085281954655
HBO,d-aug-cc-pVQZ,0.0,0.0,0.0,1375.57190838966,180.4981239244632,17.968665610596375
HBO,d-aug-cc-pCVDZ,0.0,0.0,0.0,1504.0130805513597,190.26155048409248,18.77086243827291
HBO,d-aug-cc-pCVTZ,0.0,0.0,0.0,1389.32756928864,179.87896888790218,18.05189159651133
HBO,d-aug-cc-pCVQZ,0.0,0.0,0.0,1377.3220477785599,180.61412605696222,17.979791753848865
HBO,MRA,0.0,0.0,0.0,1390.0431113757684,173.58030924717863,18.039676472103263
CH2BH,aug-cc-pVDZ,0.0,0.0,0.0,14892.439600129344,5132.408250805878,61.629796430314464
CH2BH,aug-cc-pVTZ,0.0,0.0,0.0,13727.41858575115,4400.4824811182725,58.90357402679881
CH2BH,aug-cc-pVQZ,0.0,0.0,0.0,12454.677643955894,4499.380811361508,56.535109457099445
CH2BH,aug-cc-pCVDZ,0.0,0.0,0.0,14817.407641753027,5112.1468795446635,61.47868236314195
CH2BH,aug-cc-pCVTZ,0.0,0.0,0.0,13628.124759857437,4379.384301522945,58.698861897398565
CH2BH,aug-cc-pCVQZ,0.0,0.0,0.0,12452.080864673351,4498.670911075256,56.52940765400214
CH2BH,d-aug-cc-pVDZ,0.0,0.0,0.0,11514.431297199406,4596.980195748785,54.74093667612125
CH2BH,d-aug-cc-pVTZ,0.0,0.0,0.0,11485.577441042667,4671.396448537145,54.74710441945406
CH2BH,d-aug-cc-pVQZ,0.0,0.0,0.0,11470.226590176719,4628.318498639702,54.67843706825551
CH2BH,d-aug-cc-pCVDZ,0.0,0.0,0.0,11404.8441843614,4550.669039493615,54.477581353501016
CH2BH,d-aug-cc-pCVTZ,0.0,0.0,0.0,11467.120848445986,4668.336753676729,54.706970102379145
CH2BH,d-aug-cc-pCVQZ,0.0,0.0,0.0,11474.801661428686,4628.0820543545515,54.68752731861506
PH3O,aug-cc-pVDZ,0.0,0.0,0.0,8744.889310699567,1995.5256785321187,46.18829722270698
PH3O,aug-cc-pVTZ,0.0,0.0,0.0,8197.051557347366,1282.645146536883,44.08768187789441
PH3O,aug-cc-pVQZ,0.0,0.0,0.0,7498.886649145162,1135.093697776874,42.125092487241226
PH3O,aug-cc-pCVDZ,0.0,0.0,0.0,8610.807271767837,1946.6056264138028,45.81379420108019
PH3O,aug-cc-pCVTZ,0.0,0.0,0.0,7767.710601574654,1232.7072619547,42.93668132349969
PH3O,aug-cc-pCVQZ,0.0,0.0,0.0,7244.023618458657,1093.4097460473192,41.399484149593725
PH3O,d-aug-cc-pVDZ,0.0,0.0,0.0,7791.923877111042,1287.115521038192,43.05950615059438
PH3O,d-aug-cc-pVTZ,0.0,0.0,0.0,7509.58256579008,1005.9152641422974,42.00711343878518
PH3O,d-aug-cc-pVQZ,0.0,0.0,0.0,7228.578481736137,1011.954964589869,41.264118032661436
PH3O,d-aug-cc-pCVDZ,0.0,0.0,0.0,7666.784271533672,1252.3881614234383,42.69666147500648
PH3O,d-aug-cc-pCVTZ,0.0,0.0,0.0,7119.956879830559,970.1491755122495,40.9219720875588
PH3O,d-aug-cc-pCVQZ,0.0,0.0,0.0,6974.470420445283,980.5962968922499,40.53729689024732
PH3O,MRA,0.0,0.0,0.0,6981.147962648909,994.1178111725993,40.57146904784596
ClF,aug-cc-pVDZ,0.0,0.0,0.0,3148.7755631040004,26.79081931370262,26.500554890667953
ClF,aug-cc-pVTZ,0.0,0.0,0.0,4298.9773471260005,44.19161772209551,30.97639463944563
ClF,aug-cc-pVQZ,0.0,0.0,0.0,5120.194759704,47.84019534897595,33.79907198123722
ClF,aug-cc-pCVDZ,0.0,0.0,0.0,3147.115393014,26.325393890339782,26.492756681701547
ClF,aug-cc-pCVTZ,0.0,0.0,0.0,4246.199280006001,43.761306489509955,30.78583413644212
ClF,aug-cc-pCVQZ,0.0,0.0,0.0,5107.6095609839995,49.37328520820886,33.759836559500854
ClF,d-aug-cc-pVDZ,0.0,0.0,0.0,5014.8989574,27.251411603098372,33.4218096916813
ClF,d-aug-cc-pVTZ,0.0,0.0,0.0,5400.964306943999,39.39393836167155,34.69821456624955
ClF,d-aug-cc-pVQZ,0.0,0.0,0.0,5531.293569654,46.24908513180439,35.12237212356901
ClF,d-aug-cc-pCVDZ,0.0,0.0,0.0,5018.6297094,27.277834128975975,33.43424794276069
ClF,d-aug-cc-pCVTZ,0.0,0.0,0.0,5366.465443734,41.86075212137498,34.59096145935535
ClF,d-aug-cc-pCVQZ,0.0,0.0,0.0,5505.5494086,48.21977054198957,35.043512712520275
ClF,MRA,0.0,0.0,0.0,5536.214457297815,49.12518215210944,35.141833591545925
HF,aug-cc-pVDZ,0.0,0.0,0.0,75.2848199996406,23.83659315520828,4.3589117597156735
HF,aug-cc-pVTZ,0.0,0.0,0.0,81.6230391615,16.894020659566067,4.443805519544043
HF,aug-cc-pVQZ,0.0,0.0,0.0,63.1521758062566,18.336255403933144,3.9724207838929426
HF,aug-cc-pCVDZ,0.0,0.0,0.0,75.74353451887738,24.01843239104076,4.372569760595961
HF,aug-cc-pCVTZ,0.0,0.0,0.0,81.87194216544002,16.609126519242853,4.4469749829422875
HF,aug-cc-pCVQZ,0.0,0.0,0.0,63.1172168864646,18.34375794936836,3.9715327977493327
HF,d-aug-cc-pVDZ,0.0,0.0,0.0,31.12337476020744,23.168565285405187,3.020403206436148
HF,d-aug-cc-pVTZ,0.0,0.0,0.0,50.38296096864241,20.750385362191608,3.6293857229480007
HF,d-aug-cc-pVQZ,0.0,0.0,0.0,51.8303182687584,20.247366384166558,3.6669018410893406
HF,d-aug-cc-pCVDZ,0.0,0.0,0.0,31.49457228786529,23.295332006070453,3.0360166155581276
HF,d-aug-cc-pCVTZ,0.0,0.0,0.0,50.34094178903999,20.635926232152457,3.626596512012887
HF,d-aug-cc-pCVQZ,0.0,0.0,0.0,51.8281322743296,20.22826922431441,3.666587590460084
BH2Cl,aug-cc-pVDZ,0.0,0.0,0.0,4580.634375348194,416.3092154234752,32.52025902086842
BH2Cl,aug-cc-pVTZ,0.0,0.0,0.0,2645.350520853073,549.1280305544426,25.30125647023354
BH2Cl,aug-cc-pVQZ,0.0,0.0,0.0,1881.276110154886,666.9427457860779,21.94492457389016
BH2Cl,aug-cc-pCVDZ,0.0,0.0,0.0,4548.296226140205,416.6229639080176,32.410042767834675
BH2Cl,aug-cc-pCVTZ,0.0,0.0,0.0,2588.847127330234,539.1231082877006,25.032866786708684
BH2Cl,aug-cc-pCVQZ,0.0,0.0,0.0,1845.71124737552,658.7691715814726,21.746217511910782
BH2Cl,d-aug-cc-pVDZ,0.0,0.0,0.0,2169.6833725000265,748.492433942089,23.52523866540639
BH2Cl,d-aug-cc-pVTZ,0.0,0.0,0.0,1853.8747014334951,684.7457543721779,21.844588282750692
BH2Cl,d-aug-cc-pVQZ,0.0,0.0,0.0,1774.7850862699356,698.2777591694748,21.468566080858537
BH2Cl,d-aug-cc-pCVDZ,0.0,0.0,0.0,2140.952819372889,748.8146271911459,23.389804872509824
BH2Cl,d-aug-cc-pCVTZ,0.0,0.0,0.0,1809.2533164302067,674.7843668340844,21.594477774046034
BH2Cl,d-aug-cc-pCVQZ,0.0,0.0,0.0,1741.7240211317885,689.8399212211477,21.277895163526644
BH2Cl,MRA,0.0,0.0,0.0,1742.8718170112818,695.0821766878714,21.295613416063677
Li2,aug-cc-pVDZ,0.0,0.0,0.0,0.9212272336896,0.03104665624456013,0.4557126149739298
Li2,aug-cc-pVTZ,0.0,0.0,0.0,0.22558889749973401,0.45058914718033605,0.30503133973981256
Li2,aug-cc-pVQZ,0.0,0.0,0.0,0.13283658156798817,0.3572890561710854,0.25208484585074287
Li2,aug-cc-pCVDZ,0.0,0.0,0.0,0.454875586823094,0.08602212335671604,0.33056927702872724
Li2,aug-cc-pCVTZ,0.0,0.0,0.0,0.020722170970463995,0.099406782141616,0.11862647034806836
Li2,aug-cc-pCVQZ,0.0,0.0,0.0,0.069197670290166,0.006508972338277603,0.12647988848799774
Li2,d-aug-cc-pVDZ,0.0,0.0,0.0,4.704342726242399,40.2468863273776,2.2087205092098263
Li2,d-aug-cc-pVTZ,0.0,0.0,0.0,0.01854083990966616,0.08042410931479345,0.10853398375142119
Li2,d-aug-cc-pVQZ,0.0,0.0,0.0,0.0010398990838139984,0.074400348460416,0.0855385068709559
Li2,d-aug-cc-pCVDZ,0.0,0.0,0.0,0.9813710769413999,6.773861478667601,0.9290920977909256
Li2,d-aug-cc-pCVTZ,0.0,0.0,0.0,0.3760657337184,0.5997888411629401,0.37509053550570454
Li2,d-aug-cc-pCVQZ,0.0,0.0,0.0,0.0013156961588501387,0.04181956055603056,0.06538495404326172
SiH4,aug-cc-pVDZ,0.0,0.0,0.0,2.8067937533100003e-05,915.3277029464238,9.33670569229843
SiH4,aug-cc-pVTZ,0.0,0.0,0.0,5.072614057955999e-05,564.4108123176118,7.331672521968714
SiH4,aug-cc-pVQZ,0.0,0.0,0.0,6.31863519714e-06,659.8001009119569,7.927049025513779
SiH4,aug-cc-pCVDZ,0.0,0.0,0.0,2.2987034107740004e-05,884.0882407695632,9.175995051302149
SiH4,aug-cc-pCVTZ,0.0,0.0,0.0,3.3589514775000006e-06,552.1723208025383,7.251747432368689
SiH4,aug-cc-pCVQZ,0.0,0.0,0.0,1.052668524654e-05,635.1811806094914,7.777753410310455
SiH4,d-aug-cc-pVDZ,0.0,0.0,0.0,0.00014188171263876,912.7209935500733,9.323402835810553
SiH4,d-aug-cc-pVTZ,0.0,0.0,0.0,1.892158333248e-05,663.8583045235787,7.951390107120472
SiH4,d-aug-cc-pVQZ,0.0,0.0,0.0,4.21912755606e-06,628.5927793097242,7.737310897169791
SiH4,d-aug-cc-pCVDZ,0.0,0.0,0.0,0.00010146391923366,891.5035756135422,9.214397700713953
SiH4,d-aug-cc-pCVTZ,0.0,0.0,0.0,1.066462998966e-05,641.0097882783766,7.813357385562564
SiH4,d-aug-cc-pCVQZ,0.0,0.0,0.0,8.775477308171999e-05,616.3093526999013,7.661341157370732
SF2,aug-cc-pVDZ,0.0,0.0,0.0,4961.199007192925,1572.629661121924,35.38732713423377
SF2,aug-cc-pVTZ,0.0,0.0,0.0,7644.892825848403,1706.8818405190616,43.144237711405744
SF2,aug-cc-pVQZ,0.0,0.0,0.0,9532.828736323601,1745.0161289989023,47.79747271703075
SF2,aug-cc-pCVDZ,0.0,0.0,0.0,4968.982207614689,1575.97642157027,35.41625701410754
SF2,aug-cc-pCVTZ,0.0,0.0,0.0,7624.250075994843,1722.2815564382854,43.108057362451454
SF2,aug-cc-pCVQZ,0.0,0.0,0.0,9598.223174767823,1764.0006864295658,47.96809928125132
SF2,d-aug-cc-pVDZ,0.0,0.0,0.0,8893.209281930134,1648.122864196101,46.186933342907686
SF2,d-aug-cc-pVTZ,0.0,0.0,0.0,10078.909110101104,1729.4308506369964,49.035347251581015
SF2,d-aug-cc-pVQZ,0.0,0.0,0.0,10361.846716505292,1754.2645425836738,49.696130807611574
SF2,d-aug-cc-pCVDZ,0.0,0.0,0.0,8916.848505399497,1655.1809135617873,46.25103423244557
SF2,d-aug-cc-pCVTZ,0.0,0.0,0.0,10104.805799484287,1750.8012902862154,49.1147165309203
SF2,d-aug-cc-pCVQZ,0.0,0.0,0.0,10385.199059535298,1772.520153979747,49.765786002697
SF2,MRA,0.0,0.0,0.0,10433.137702110516,1756.4199286560142,49.857327779945024
P2H4,aug-cc-pVDZ,0.0,0.0,0.0,7069.7446905639135,2002.1765916812176,41.97306112976381
P2H4,aug-cc-pVTZ,0.0,0.0,0.0,8881.408795894817,2281.3329288792725,46.80722382109565
P2H4,aug-cc-pVQZ,0.0,0.0,0.0,9319.223761969784,2478.319799573502,48.03091786415602
P2H4,aug-cc-pCVDZ,0.0,0.0,0.0,7229.026522717537,2054.0559378393245,42.450850561725986
P2H4,aug-cc-pCVTZ,0.0,0.0,0.0,9192.16525136785,2288.162003182289,47.5460153953212
P2H4,aug-cc-pCVQZ,0.0,0.0,0.0,9577.183582836946,2514.510521809612,48.65943085324269
P2H4,d-aug-cc-pVDZ,0.0,0.0,0.0,9108.348657978862,2840.231314620515,47.90172961377185
P2H4,d-aug-cc-pVTZ,0.0,0.0,0.0,9194.053023144314,2628.9142686278565,47.89045501475672
P2H4,d-aug-cc-pVQZ,0.0,0.0,0.0,9387.664291219127,2601.4855661386337,48.310538709264655
P2H4,d-aug-cc-pCVDZ,0.0,0.0,0.0,9306.142047396015,2900.348175033919,48.41750924826182
P2H4,d-aug-cc-pCVTZ,0.0,0.0,0.0,9537.003980393532,2682.054162754247,48.73159085902437
P2H4,d-aug-cc-pCVQZ,0.0,0.0,0.0,9630.973860305103,2645.649313165475,48.90994801321085
NaCN,aug-cc-pVDZ,0.0,0.0,0.0,30174.41370200454,595.39355549936,82.23216776453674
NaCN,aug-cc-pVTZ,0.0,0.0,0.0,25386.209512951653,399.61664809490367,75.36205026508385
NaCN,aug-cc-pVQZ,0.0,0.0,0.0,23981.42856839132,293.39409234151185,73.19254499633223
NaCN,aug-cc-pCVDZ,0.0,0.0,0.0,26838.329885915336,632.0914307015628,77.61618704791884
NaCN,aug-cc-pCVTZ,0.0,0.0,0.0,22555.423958312156,395.1621789438418,71.06300675044102
NaCN,aug-cc-pCVQZ,0.0,0.0,0.0,21306.554264507336,303.037635012161,69.019204310838
NaCN,d-aug-cc-pVDZ,0.0,0.0,0.0,25979.05476948174,347.2250230511604,76.1983748640445
NaCN,d-aug-cc-pVTZ,0.0,0.0,0.0,24395.53249259553,291.4665825810989,73.8172619713681
NaCN,d-aug-cc-pVQZ,0.0,0.0,0.0,23686.570852365356,286.390522120839,72.73896960679177
NaCN,d-aug-cc-pCVDZ,0.0,0.0,0.0,24283.76663237722,358.0214912959459,73.69185755467183
NaCN,d-aug-cc-pCVTZ,0.0,0.0,0.0,21823.70602572336,295.86462823683974,69.84189311439339
NaCN,d-aug-cc-pCVQZ,0.0,0.0,0.0,21223.988284864557,294.8857462636397,68.88052117883564
NaCN,MRA,0.0,0.0,0.0,20901.900761208173,294.33357314027074,68.35860300426377
OCl2,aug-cc-pVDZ,0.0,0.0,0.0,3095.3759473988985,1191.1565410832595,28.307327704101056
OCl2,aug-cc-pVTZ,0.0,0.0,0.0,3471.6859615856074,746.7672962949293,29.027684443070505
OCl2,aug-cc-pVQZ,0.0,0.0,0.0,3893.542335271852,488.42690145608265,30.195173088063825
OCl2,aug-cc-pV5Z,0.0,0.0,0.0,3948.0001201236732,521.4746157072556,30.4466354322191
OCl2,aug-cc-pCVDZ,0.0,0.0,0.0,3110.6679044283396,1192.809743230373,28.37006278181476
OCl2,aug-cc-pCVTZ,0.0,0.0,0.0,3452.051828412744,755.1638364873797,28.966238863820685
OCl2,aug-cc-pCVQZ,0.0,0.0,0.0,3890.864936304157,479.86008158075254,30.17180161446417
OCl2,d-aug-cc-pVDZ,0.0,0.0,0.0,4045.11305777883,418.4836250547305,30.63934718916651
OCl2,d-aug-cc-pVTZ,0.0,0.0,0.0,4192.874421139086,397.95865737215115,31.139214760103933
OCl2,d-aug-cc-pVQZ,0.0,0.0,0.0,4206.749279344818,406.14681710837704,31.20118302943262
OCl2,d-aug-cc-pV5Z,0.0,0.0,0.0,4205.835066807801,406.48066040213496,31.198436798884657
OCl2,d-aug-cc-pCVDZ,0.0,0.0,0.0,4067.2436269158716,419.19623782103235,30.72060169191786
OCl2,d-aug-cc-pCVTZ,0.0,0.0,0.0,4190.808561230772,392.8520527239982,31.124030468376446
OCl2,d-aug-cc-pCVQZ,0.0,0.0,0.0,4201.817185969585,403.16024033195436,31.179053317935
OCl2,MRA,0.0,0.0,0.0,4209.563225829012,410.1587793188711,31.217322683346513
CH3Cl,aug-cc-pVDZ,0.0,0.0,0.0,476.9671571003476,211.6690027330358,11.231725344714253
CH3Cl,aug-cc-pVTZ,0.0,0.0,0.0,32.067982591551605,260.40433789913857,5.6503656064833025
CH3Cl,aug-cc-pVQZ,0.0,0.0,0.0,35.255474357178095,400.4761382235351,6.780496622657393
CH3Cl,aug-cc-pCVDZ,0.0,0.0,0.0,459.1343192035492,210.42683198135416,11.048551913114709
CH3Cl,aug-cc-pCVTZ,0.0,0.0,0.0,25.362583144113003,248.8184211862126,5.416006100578698
CH3Cl,aug-cc-pCVQZ,0.0,0.0,0.0,42.40458935957264,394.924400597647,6.858213306384645
CH3Cl,d-aug-cc-pVDZ,0.0,0.0,0.0,36.07493182693074,471.10569400205054,7.272129019047445
CH3Cl,d-aug-cc-pVTZ,0.0,0.0,0.0,78.47312838845033,488.9602887785532,8.000382461204563
CH3Cl,d-aug-cc-pVQZ,0.0,0.0,0.0,95.43693182839199,483.7856789443069,8.202623582677708
CH3Cl,d-aug-cc-pCVDZ,0.0,0.0,0.0,42.598723193501996,465.17122293354095,7.332694195427431
CH3Cl,d-aug-cc-pCVTZ,0.0,0.0,0.0,93.57326105708572,473.91693623908407,8.119667746969078
CH3Cl,d-aug-cc-pCVQZ,0.0,0.0,0.0,106.63222945130711,472.7743630198204,8.289884245307098
CH3Cl,MRA,0.0,0.0,0.0,108.67130898921283,461.24400361582246,8.250889656257964
SCl2,aug-cc-pVDZ,0.0,0.0,0.0,1482.3468517812726,291.86561390451124,18.899924249602496
SCl2,aug-cc-pVTZ,0.0,0.0,0.0,1505.503602667787,354.9783264091762,19.192806355674353
SCl2,aug-cc-pVQZ,0.0,0.0,0.0,1331.4000834095586,248.22078780343486,17.874752032714262
SCl2,aug-cc-pCVDZ,0.0,0.0,0.0,1487.0889063077607,300.55555304233565,18.949631653061463
SCl2,aug-cc-pCVTZ,0.0,0.0,0.0,1479.502564279175,390.16792935685527,19.129485043579532
SCl2,aug-cc-pCVQZ,0.0,0.0,0.0,1325.697808834753,265.25857976863335,17.88469275545757
SCl2,d-aug-cc-pVDZ,0.0,0.0,0.0,1325.9917324075582,69.71169425227617,17.358111602369338
SCl2,d-aug-cc-pVTZ,0.0,0.0,0.0,1406.7518901912447,124.28483976850785,18.012445213244494
SCl2,d-aug-cc-pVQZ,0.0,0.0,0.0,1357.224097778242,149.05822723330022,17.770801239761198
SCl2,d-aug-cc-pCVDZ,0.0,0.0,0.0,1334.7710353151963,72.98174319918861,17.423157803195313
SCl2,d-aug-cc-pCVTZ,0.0,0.0,0.0,1394.3130608928966,140.55020491789105,17.978684063823806
SCl2,d-aug-cc-pCVQZ,0.0,0.0,0.0,1351.0199388054455,163.87482632007175,17.771712899551186
SCl2,MRA,0.0,0.0,0.0,1348.4138841999252,171.01517312028489,17.77455172900275
HCCF,aug-cc-pVDZ,0.0,0.0,0.0,8117.0050619759995,328.62473754355665,42.83779285529427
HCCF,aug-cc-pVTZ,0.0,0.0,0.0,8573.09801415,134.7514193681001,43.79459282313949
HCCF,aug-cc-pVQZ,0.0,0.0,0.0,8623.821980255998,101.9505847796749,43.887520595314555
HCCF,aug-cc-pCVDZ,0.0,0.0,0.0,8033.004758399999,324.9627033009981,42.61526718699699
HCCF,aug-cc-pCVTZ,0.0,0.0,0.0,8575.24977015,134.74039808146247,43.80003971343216
HCCF,aug-cc-pCVQZ,0.0,0.0,0.0,8622.340233174,101.570488880875,43.883356608917424
HCCF,d-aug-cc-pVDZ,0.0,0.0,0.0,8561.196511350001,94.14466150876852,43.72018151691806
HCCF,d-aug-cc-pVTZ,0.0,0.0,0.0,8434.026432600001,124.63727931750577,43.42923339423793
HCCF,d-aug-cc-pVQZ,0.0,0.0,0.0,8465.4981144,126.93197896139853,43.51218867284298
HCCF,d-aug-cc-pCVDZ,0.0,0.0,0.0,8500.241790149998,96.45389176439245,43.56751892136245
HCCF,d-aug-cc-pCVTZ,0.0,0.0,0.0,8431.1812086,124.71494062490358,43.4220386155024
HCCF,d-aug-cc-pCVQZ,0.0,0.0,0.0,8461.322254374001,127.19860825880478,43.501815910061026
HCCF,MRA,0.0,0.0,0.0,8419.535031907539,129.60864382442944,43.39759745922086
LiH,aug-cc-pVDZ,0.0,0.0,0.0,423150.36195840006,45894.66338417482,313.69465103956696
LiH,aug-cc-pVTZ,0.0,0.0,0.0,305654.87256,27221.26280078167,265.5481241365779
LiH,aug-cc-pVQZ,0.0,0.0,0.0,285350.41192559997,26339.27217992114,256.7483296197013
LiH,aug-cc-pCVDZ,0.0,0.0,0.0,396208.8083543999,44952.87490168733,303.854616614009
LiH,aug-cc-pCVTZ,0.0,0.0,0.0,300853.5627263999,27701.906339520858,263.6183302935769
LiH,aug-cc-pCVQZ,0.0,0.0,0.0,284341.69250159996,26387.02649738821,256.320293618632
LiH,d-aug-cc-pVDZ,0.0,0.0,0.0,281131.5426486,15544.265544977012,252.89144387762923
LiH,d-aug-cc-pVTZ,0.0,0.0,0.0,286248.18246,26544.134648528747,257.1744933639468
LiH,d-aug-cc-pVQZ,0.0,0.0,0.0,279627.9125856,25954.236040960437,254.18766322155432
LiH,d-aug-cc-pCVDZ,0.0,0.0,0.0,263453.47142639995,17724.874680179528,245.42473219993042
LiH,d-aug-cc-pCVTZ,0.0,0.0,0.0,281616.3838806,26298.128111901435,255.11958425381266
LiH,d-aug-cc-pCVQZ,0.0,0.0,0.0,278842.8408534,26035.102621428094,253.8594282830424
LiH,MRA,0.0,0.0,0.0,277516.70938165416,26130.1926292738,253.29620928234667
BF,aug-cc-pVDZ,0.0,0.0,0.0,2317.65703035264,719.7340505179785,24.157421130643296
BF,aug-cc-pVTZ,0.0,0.0,0.0,3259.4287967976597,902.7458106899763,28.46565126417738
BF,aug-cc-pVQZ,0.0,0.0,0.0,3059.23269144534,1118.073829382172,28.041267960521587
BF,aug-cc-pCVDZ,0.0,0.0,0.0,2376.3012441302394,761.1766818842673,24.506324907304325
BF,aug-cc-pCVTZ,0.0,0.0,0.0,3304.2673358438396,873.8836578725991,28.592108093370896
BF,aug-cc-pCVQZ,0.0,0.0,0.0,3062.1707261712604,1115.0023485938573,28.047693014928964
BF,d-aug-cc-pVDZ,0.0,0.0,0.0,2398.73855336694,1174.0309931466709,25.394201846033635
BF,d-aug-cc-pVTZ,0.0,0.0,0.0,2978.54797434486,1157.1685786413284,27.786796885456003
BF,d-aug-cc-pVQZ,0.0,0.0,0.0,2951.58070173174,1192.1760011861554,27.738914797601435
BF,d-aug-cc-pCVDZ,0.0,0.0,0.0,2406.1564803746396,1201.5150104443678,25.478058031921407
BF,d-aug-cc-pCVTZ,0.0,0.0,0.0,2976.645082806,1148.3544690203523,27.76407350076088
BF,d-aug-cc-pCVQZ,0.0,0.0,0.0,2950.87459730136,1192.0268034573294,27.735830125407183
BF,MRA,0.0,0.0,0.0,2946.727209873158,1188.9586402029447,27.713939183568
SiH3F,aug-cc-pVDZ,0.0,0.0,0.0,2745.5563472394388,983.0137070292011,26.52817343448801
SiH3F,aug-cc-pVTZ,0.0,0.0,0.0,3008.739641137104,651.2150358728932,27.030155174332997
SiH3F,aug-cc-pVQZ,0.0,0.0,0.0,2956.402815632544,703.0252828588912,26.90600662152603
SiH3F,aug-cc-pCVDZ,0.0,0.0,0.0,2735.094794866117,947.8139980344162,26.420954621595016
SiH3F,aug-cc-pCVTZ,0.0,0.0,0.0,2980.602030196163,624.478781225208,26.86689740834908
SiH3F,aug-cc-pCVQZ,0.0,0.0,0.0,2927.2039563012318,675.0794347003065,26.735426825884183
SiH3F,d-aug-cc-pVDZ,0.0,0.0,0.0,2897.4411700238284,818.03072778935,26.86602880817597
SiH3F,d-aug-cc-pVTZ,0.0,0.0,0.0,2940.7140756696654,699.4566450176528,26.834808279333597
SiH3F,d-aug-cc-pVQZ,0.0,0.0,0.0,2892.448349158983,659.8091919996989,26.563231551897925
SiH3F,d-aug-cc-pCVDZ,0.0,0.0,0.0,2895.456895948067,792.2805566302163,26.812127048667303
SiH3F,d-aug-cc-pCVTZ,0.0,0.0,0.0,2914.0343868647933,674.3604941429268,26.679355427878278
SiH3F,d-aug-cc-pCVQZ,0.0,0.0,0.0,2874.8782672638254,646.3028542588004,26.465345075329953
SiH3F,MRA,0.0,0.0,0.0,2871.3159039147495,644.5861377167436,26.44729394178103
HCONH2,aug-cc-pVDZ,0.0,0.0,0.0,2786.385117274185,2471.3465901175423,29.232910129570627
HCONH2,aug-cc-pVTZ,0.0,0.0,0.0,2643.8395837191006,2421.5578039786,28.603224647808506
HCONH2,aug-cc-pVQZ,0.0,0.0,0.0,2390.9344991502003,2390.8884727035997,27.550361915153545
HCONH2,aug-cc-pCVDZ,0.0,0.0,0.0,2787.153029852793,2474.038473394374,29.24021292191855
HCONH2,aug-cc-pCVTZ,0.0,0.0,0.0,2641.2645806475,2414.0945786576,28.580788197393982
HCONH2,aug-cc-pCVQZ,0.0,0.0,0.0,2393.2356758426995,2390.2034821196,27.55845745058674
HCONH2,d-aug-cc-pVDZ,0.0,0.0,0.0,2268.2048290032003,2540.4524120128,27.312879129073714
HCONH2,d-aug-cc-pVTZ,0.0,0.0,0.0,2258.5334171818804,2410.4054837507197,27.045493930656633
HCONH2,d-aug-cc-pVQZ,0.0,0.0,0.0,2265.8131744887005,2402.6929821968,27.06181704619312
HCONH2,d-aug-cc-pCVDZ,0.0,0.0,0.0,2276.88245585334,2538.45165952736,27.344673704140035
HCONH2,d-aug-cc-pCVTZ,0.0,0.0,0.0,2258.05000454094,2406.90956495236,27.037351428614485
HCONH2,d-aug-cc-pCVQZ,0.0,0.0,0.0,2264.9781988922996,2401.6745027882,27.05659612128216
HCONH2,MRA,0.0,0.0,0.0,2272.323997006186,2393.174546065813,27.071798491478138
CS,aug-cc-pVDZ,0.0,0.0,0.0,1959.5408685242137,1501.5391861589458,24.051138400372064
CS,aug-cc-pVTZ,0.0,0.0,0.0,990.2870256998398,1519.395525947122,19.098903614955
CS,aug-cc-pVQZ,0.0,0.0,0.0,832.3439602493401,1589.919115980354,18.340834023796695
CS,aug-cc-pCVDZ,0.0,0.0,0.0,1907.823134259375,1498.3443459092236,23.804624719101273
CS,aug-cc-pCVTZ,0.0,0.0,0.0,991.3783802229598,1524.7958165972823,19.118706962447916
CS,aug-cc-pCVQZ,0.0,0.0,0.0,833.5967797296598,1612.1490415445849,18.406024361209578
CS,d-aug-cc-pVDZ,0.0,0.0,0.0,698.2819223961601,1603.8404253942688,17.547662742168445
CS,d-aug-cc-pVTZ,0.0,0.0,0.0,842.31645941814,1570.8765567617525,18.351804449329233
CS,d-aug-cc-pVQZ,0.0,0.0,0.0,815.8584900002401,1607.5340437285727,18.28661715632014
CS,d-aug-cc-pCVDZ,0.0,0.0,0.0,660.14217529944,1616.0776357857899,17.338120341224307
CS,d-aug-cc-pCVTZ,0.0,0.0,0.0,836.7629749488601,1599.1314842409517,18.391453568459173
CS,d-aug-cc-pCVQZ,0.0,0.0,0.0,816.4714672613399,1628.4187104159125,18.34463409463215
CS,MRA,0.0,0.0,0.0,826.2369336241203,1633.0325513768676,18.415621551470004
S2H2,aug-cc-pVDZ,0.0,0.0,0.0,19.65314880649172,1462.7575364255254,11.98655947158226
S2H2,aug-cc-pVTZ,0.0,0.0,0.0,42.27950799757936,1819.2291776351872,13.515005286762781
S2H2,aug-cc-pVQZ,0.0,0.0,0.0,125.06014639859481,2066.087001914511,14.985370676184724
S2H2,aug-cc-pCVDZ,0.0,0.0,0.0,17.010957996780707,1484.9368378720405,12.050011156674788
S2H2,aug-cc-pCVTZ,0.0,0.0,0.0,51.270375958924035,1867.2865086328477,13.756097819721493
S2H2,aug-cc-pCVQZ,0.0,0.0,0.0,136.83819378773882,2112.7846858334196,15.219266626069034
S2H2,d-aug-cc-pVDZ,0.0,0.0,0.0,51.364715779865385,1949.686407273382,14.039188047203321
S2H2,d-aug-cc-pVTZ,0.0,0.0,0.0,123.68366033756936,2033.0624084585133,14.869776364645043
S2H2,d-aug-cc-pVQZ,0.0,0.0,0.0,132.2619599624185,2068.4461958398456,15.046143108869668
S2H2,d-aug-cc-pCVDZ,0.0,0.0,0.0,58.05194727664064,1972.8253467268794,14.169988037674738
S2H2,d-aug-cc-pCVTZ,0.0,0.0,0.0,143.67198333115024,2087.445827110637,15.189847658671551
S2H2,d-aug-cc-pCVQZ,0.0,0.0,0.0,145.48468630264352,2101.8991411976053,15.248304852662294
S2H2,MRA,0.0,0.0,0.0,144.66444349395468,2111.791530344708,15.27320061413913
FCN,aug-cc-pVDZ,0.0,0.0,0.0,963.5319145849177,514.2246734491597,16.220110408527503
FCN,aug-cc-pVTZ,0.0,0.0,0.0,1251.8604037500002,372.78962741341877,17.711436273569305
FCN,aug-cc-pVQZ,0.0,0.0,0.0,1319.88869325144,322.0217618300338,17.99937048127595
FCN,aug-cc-pCVDZ,0.0,0.0,0.0,949.3817805969502,510.3814212087675,16.11153262177064
FCN,aug-cc-pCVTZ,0.0,0.0,0.0,1256.5974309273597,374.060434633307,17.744539352652225
FCN,aug-cc-pCVQZ,0.0,0.0,0.0,1319.1807528959996,322.2571786184951,17.995622753596535
FCN,d-aug-cc-pVDZ,0.0,0.0,0.0,1219.9660440581401,304.27795158998157,17.322887111524814
FCN,d-aug-cc-pVTZ,0.0,0.0,0.0,1297.44932590104,345.0582812943514,17.921628438260242
FCN,d-aug-cc-pVQZ,0.0,0.0,0.0,1303.3229951318401,332.37231976500374,17.924336498063354
FCN,d-aug-cc-pCVDZ,0.0,0.0,0.0,1204.30786706016,304.81797227277065,17.223653896064288
FCN,d-aug-cc-pCVTZ,0.0,0.0,0.0,1296.7619346549602,344.86987123654745,17.916865475126762
FCN,d-aug-cc-pCVQZ,0.0,0.0,0.0,1303.3358586735,332.2375928256066,17.92405831064868
FCN,MRA,0.0,0.0,0.0,1302.7078726384757,332.2455481932569,17.9201861465044
NaCl,aug-cc-pVDZ,0.0,0.0,0.0,162364.1997606,1128.9491965931534,190.23262667386328
NaCl,aug-cc-pVTZ,0.0,0.0,0.0,119783.29119129598,153.85171808491174,163.1966963458539
NaCl,aug-cc-pVQZ,0.0,0.0,0.0,100100.851084086,12.819529546322375,149.15044244593165
NaCl,aug-cc-pCVDZ,0.0,0.0,0.0,148404.66453359998,1766.6931198717093,182.06337036429602
NaCl,aug-cc-pCVTZ,0.0,0.0,0.0,106115.76659414398,199.72319344772123,153.6239002300233
NaCl,aug-cc-pCVQZ,0.0,0.0,0.0,87684.86336414999,20.21658738199724,139.5974590789811
NaCl,d-aug-cc-pVDZ,0.0,0.0,0.0,102120.085698144,14.353083987467029,150.64766622070547
NaCl,d-aug-cc-pVTZ,0.0,0.0,0.0,96734.59995374999,48.58744805778615,146.6328924338107
NaCl,d-aug-cc-pVQZ,0.0,0.0,0.0,93945.479550936,6.1391192309676,144.4899924270305
NaCl,d-aug-cc-pCVDZ,0.0,0.0,0.0,95632.57623746399,9.937343302634773,145.7828179929761
NaCl,d-aug-cc-pCVTZ,0.0,0.0,0.0,85191.556094424,29.85779332520488,137.60196404570794
NaCl,d-aug-cc-pCVQZ,0.0,0.0,0.0,82805.96802576601,4.746527303983923,135.6531543244293
NaCl,MRA,0.0,0.0,0.0,80864.27420570925,1.6715910630499125,134.05222083773432
SiH3Cl,aug-cc-pVDZ,0.0,0.0,0.0,4732.212435421646,530.1459031632878,33.197783803178545
SiH3Cl,aug-cc-pVTZ,0.0,0.0,0.0,3104.0356373604486,367.6926631563112,26.92218501651083
SiH3Cl,aug-cc-pVQZ,0.0,0.0,0.0,2382.48120676364,450.7701123993351,23.924271254624923
SiH3Cl,aug-cc-pCVDZ,0.0,0.0,0.0,4712.028212474308,508.7622426401299,33.099409775220366
SiH3Cl,aug-cc-pCVTZ,0.0,0.0,0.0,2988.5153140966227,345.11377920857825,26.400426004440522
SiH3Cl,aug-cc-pCVQZ,0.0,0.0,0.0,2308.118960318067,432.6382508201558,23.539731677535723
SiH3Cl,d-aug-cc-pVDZ,0.0,0.0,0.0,2786.465659913462,568.4383011703726,25.949018712770727
SiH3Cl,d-aug-cc-pVTZ,0.0,0.0,0.0,2422.223616300249,481.080070337838,24.167934630194885
SiH3Cl,d-aug-cc-pVQZ,0.0,0.0,0.0,2263.688652900554,448.64318014834197,23.361717505048283
SiH3Cl,d-aug-cc-pCVDZ,0.0,0.0,0.0,2773.12718755861,558.5874127243226,25.87371808101757
SiH3Cl,d-aug-cc-pCVTZ,0.0,0.0,0.0,2329.644292211082,463.08009346756864,23.702354263806644
SiH3Cl,d-aug-cc-pCVQZ,0.0,0.0,0.0,2211.858137594478,435.3110206084534,23.086407754682213
SiH3Cl,MRA,0.0,0.0,0.0,2207.37302339515,435.43619307043576,23.065069957795735
N2H4,aug-cc-pVDZ,0.0,0.0,0.0,33.81985750472202,83.80139484648353,3.93657327042351
N2H4,aug-cc-pVTZ,0.0,0.0,0.0,44.22647859618713,82.12731008949008,4.20116114123937
N2H4,aug-cc-pVQZ,0.0,0.0,0.0,36.84658874406903,97.93421561617167,4.185116364682881
N2H4,aug-cc-pCVDZ,0.0,0.0,0.0,34.38119521449681,83.71875337921597,3.95138965564849
N2H4,aug-cc-pCVTZ,0.0,0.0,0.0,44.20690916994444,82.27199453095257,4.202283384528927
N2H4,aug-cc-pCVQZ,0.0,0.0,0.0,37.02557985623913,97.77934210911862,4.18810517189174
N2H4,d-aug-cc-pVDZ,0.0,0.0,0.0,31.3923039697288,135.0160627404165,4.453621020110832
N2H4,d-aug-cc-pVTZ,0.0,0.0,0.0,33.10201532091791,109.86111404025638,4.221251786683377
N2H4,d-aug-cc-pVQZ,0.0,0.0,0.0,32.27662894682832,109.45958758011298,4.194914401639647
N2H4,d-aug-cc-pCVDZ,0.0,0.0,0.0,32.12725997391014,134.09299564657027,4.462079402639863
N2H4,d-aug-cc-pCVTZ,0.0,0.0,0.0,32.98805707423714,109.96629642035008,4.21943834666326
N2H4,d-aug-cc-pCVQZ,0.0,0.0,0.0,32.19888445473118,109.53859567494261,4.19375188390352
N2H4,MRA,0.0,0.0,0.0,33.83011329462037,110.74594072640541,4.250298272415
NH2Cl,aug-cc-pVDZ,0.0,0.0,0.0,247.6442151208038,69.74405939480317,7.8533011641956465
NH2Cl,aug-cc-pVTZ,0.0,0.0,0.0,1096.190514193062,44.46205174352798,15.742692690938672
NH2Cl,aug-cc-pVQZ,0.0,0.0,0.0,1903.1776679421946,89.2241345579032,20.77079457503692
NH2Cl,aug-cc-pCVDZ,0.0,0.0,0.0,262.3421009347662,70.80379693892279,8.064828789767217
NH2Cl,aug-cc-pCVTZ,0.0,0.0,0.0,1139.552823344855,41.923707300017185,16.038288399074077
NH2Cl,aug-cc-pCVQZ,0.0,0.0,0.0,1951.0587268856168,86.68951291435056,21.01962773366033
NH2Cl,d-aug-cc-pVDZ,0.0,0.0,0.0,1951.622043529378,173.72913725969286,21.218845858598048
NH2Cl,d-aug-cc-pVTZ,0.0,0.0,0.0,2170.014554877337,134.47575837033077,22.249329691527716
NH2Cl,d-aug-cc-pVQZ,0.0,0.0,0.0,2186.842705019292,130.676938271216,22.32510847123345
NH2Cl,d-aug-cc-pCVDZ,0.0,0.0,0.0,2004.29171911897,168.4911241744008,21.481269365079683
NH2Cl,d-aug-cc-pCVTZ,0.0,0.0,0.0,2245.6833988834755,125.82132000237749,22.60583416210975
NH2Cl,d-aug-cc-pCVQZ,0.0,0.0,0.0,2238.257733667083,124.63342662731382,22.566799898004064
NH2Cl,MRA,0.0,0.0,0.0,2231.789755350164,122.2082909798554,22.52980612038034
LiCl,aug-cc-pVDZ,0.0,0.0,0.0,51493.68467885399,6960.411175331701,110.02698460903976
LiCl,aug-cc-pVTZ,0.0,0.0,0.0,30335.107106903997,5428.415461468836,85.19464103660893
LiCl,aug-cc-pVQZ,0.0,0.0,0.0,24446.90127735,3921.9447410043117,76.19818419793424
LiCl,aug-cc-pCVDZ,0.0,0.0,0.0,49348.964800896,7301.549826400356,107.98991767833581
LiCl,aug-cc-pCVTZ,0.0,0.0,0.0,29881.007961846,5465.622286924964,84.62127065589921
LiCl,aug-cc-pCVQZ,0.0,0.0,0.0,24313.931936664,3901.0755065412754,75.9909664798936
LiCl,d-aug-cc-pVDZ,0.0,0.0,0.0,24530.200349045997,3826.0652385103476,76.25970625890022
LiCl,d-aug-cc-pVTZ,0.0,0.0,0.0,23046.095653206,3218.823570620481,73.67434570713684
LiCl,d-aug-cc-pVQZ,0.0,0.0,0.0,22600.81008375,3462.967646687456,73.15879088240179
LiCl,d-aug-cc-pCVDZ,0.0,0.0,0.0,24232.038156149996,3955.305553581773,75.90515881704695
LiCl,d-aug-cc-pCVTZ,0.0,0.0,0.0,22752.120784325998,3191.6652823639615,73.21198647141897
LiCl,d-aug-cc-pCVQZ,0.0,0.0,0.0,22475.660862816,3440.921349012925,72.9540821201397
LiCl,MRA,0.0,0.0,0.0,22525.111531125393,3446.150418096873,73.03276759081227
NH3O,aug-cc-pVDZ,0.0,0.0,0.0,3116.1828489014038,324.54577145903966,26.895988522918845
NH3O,aug-cc-pVTZ,0.0,0.0,0.0,2882.2258638614753,404.1808383882536,26.057399133326694
NH3O,aug-cc-pVQZ,0.0,0.0,0.0,2397.18344064589,471.775020064005,24.03410879451227
NH3O,aug-cc-pCVDZ,0.0,0.0,0.0,3124.5251293156966,325.48679442969956,26.932093493680515
NH3O,aug-cc-pCVTZ,0.0,0.0,0.0,2871.664593279731,403.4194474307144,26.010932070012444
NH3O,aug-cc-pCVQZ,0.0,0.0,0.0,2395.8744637153327,471.60819969906925,24.027725945879745
NH3O,d-aug-cc-pVDZ,0.0,0.0,0.0,1547.7677586700636,748.1396325065851,20.37645171239648
NH3O,d-aug-cc-pVTZ,0.0,0.0,0.0,1807.1874286799568,724.9325693456651,21.694202069997026
NH3O,d-aug-cc-pVQZ,0.0,0.0,0.0,1840.3633611835282,713.2450619652831,21.837988390831985
NH3O,d-aug-cc-pCVDZ,0.0,0.0,0.0,1563.465477577664,748.6602827288656,20.46308266372756
NH3O,d-aug-cc-pCVTZ,0.0,0.0,0.0,1805.0536183603963,723.0836793616849,21.679209824679283
NH3O,d-aug-cc-pCVQZ,0.0,0.0,0.0,1839.2191064674746,712.4050806189234,21.83033348139373
NH3O,MRA,0.0,0.0,0.0,1856.723400193911,703.9388014610317,21.90084451929714
NH2OH,aug-cc-pVDZ,0.0,0.0,0.0,1298.7233179236796,449.8080753039348,18.20560479839871
NH2OH,aug-cc-pVTZ,0.0,0.0,0.0,1370.3827582197393,366.56422118058964,18.423907838303034
NH2OH,aug-cc-pVQZ,0.0,0.0,0.0,1363.531504243643,358.43782526228864,18.36147969751614
NH2OH,aug-cc-pCVDZ,0.0,0.0,0.0,1296.0511761536002,448.6081935027678,18.186147539706816
NH2OH,aug-cc-pCVTZ,0.0,0.0,0.0,1371.3423744663537,365.89814502171333,18.42797309159182
NH2OH,aug-cc-pCVQZ,0.0,0.0,0.0,1362.6045159667665,358.0872779792495,18.354959924551956
NH2OH,d-aug-cc-pVDZ,0.0,0.0,0.0,1359.8428175258803,437.84306672313807,18.54418055540462
NH2OH,d-aug-cc-pVTZ,0.0,0.0,0.0,1357.7877493894634,377.1169408880903,18.375160138285473
NH2OH,d-aug-cc-pVQZ,0.0,0.0,0.0,1368.1711547536736,373.28347653783436,18.427936446575423
NH2OH,d-aug-cc-pCVDZ,0.0,0.0,0.0,1357.112135850752,435.711921682094,18.522333765674162
NH2OH,d-aug-cc-pCVTZ,0.0,0.0,0.0,1357.0506736715267,376.9465963373717,18.370261081789362
NH2OH,d-aug-cc-pCVQZ,0.0,0.0,0.0,1367.9589773464165,373.30620505515435,18.426715816031187
NH2OH,MRA,0.0,0.0,0.0,1370.7300385840529,380.0106960517378,18.46071965290007
BH3,aug-cc-pVDZ,0.0,0.0,0.0,1.5037276108091982e-05,641.3429818773004,7.815387855374245
BH3,aug-cc-pVTZ,0.0,0.0,0.0,4.420056690049995e-06,589.0037783337955,7.4896995212616355
BH3,aug-cc-pVQZ,0.0,0.0,0.0,4.446403952648118e-05,581.1330013144293,7.439489902276998
BH3,aug-cc-pCVDZ,0.0,0.0,0.0,2.5543417322001008e-05,616.1440968929011,7.660313039072963
BH3,aug-cc-pCVTZ,0.0,0.0,0.0,4.533409363592644e-05,580.7811750666302,7.437237587823292
BH3,aug-cc-pCVQZ,0.0,0.0,0.0,1.94799660079778e-05,579.981270226168,7.432113816337353
BH3,d-aug-cc-pVDZ,0.0,0.0,0.0,1.3247018386525894e-05,757.3063943408454,8.492609813975548
BH3,d-aug-cc-pVTZ,0.0,0.0,0.0,1.1210396210478701e-05,589.5621242511215,7.493248709965605
BH3,d-aug-cc-pVQZ,0.0,0.0,0.0,3.504751430901537e-05,583.5968895933806,7.45524405637314
BH3,d-aug-cc-pCVDZ,0.0,0.0,0.0,9.6180722644508e-06,725.946833743473,8.314914060121366
BH3,d-aug-cc-pCVTZ,0.0,0.0,0.0,0.00017067698753966964,587.8614288634994,7.482435477645241
BH3,d-aug-cc-pCVQZ,0.0,0.0,0.0,2.5879279769790153e-05,583.7225391365257,7.456046440698868
BH3,MRA,0.0,0.0,0.0,4.08199814380672e-07,580.7810841509951,7.437236334524253
SO2,aug-cc-pVDZ,0.0,0.0,0.0,1739.4644735637928,238.52239723397426,20.230276309930666
SO2,aug-cc-pVTZ,0.0,0.0,0.0,1860.5276285754453,321.7809817345752,21.07359466043043
SO2,aug-cc-pVQZ,0.0,0.0,0.0,1989.9628727455995,441.34749580798575,22.005614432687402
SO2,aug-cc-pCVDZ,0.0,0.0,0.0,1749.5319978641655,237.99481736385792,20.284256493560004
SO2,aug-cc-pCVTZ,0.0,0.0,0.0,1833.7094686486157,284.96625820378006,20.84779692608984
SO2,aug-cc-pCVQZ,0.0,0.0,0.0,1981.1943776313312,408.525592235462,21.890011797893738
SO2,d-aug-cc-pVDZ,0.0,0.0,0.0,2037.346221462325,681.7215243078492,22.752350740688225
SO2,d-aug-cc-pVTZ,0.0,0.0,0.0,2087.3088564823292,572.4169698124504,22.7675715533855
SO2,d-aug-cc-pVQZ,0.0,0.0,0.0,2060.7740707461744,527.5487283458579,22.54312599290721
SO2,d-aug-cc-pCVDZ,0.0,0.0,0.0,2047.3249646135719,677.7696344791544,22.792775000983866
SO2,d-aug-cc-pCVTZ,0.0,0.0,0.0,2047.6074672464226,524.30696114874,22.471267830502935
SO2,d-aug-cc-pCVQZ,0.0,0.0,0.0,2034.6242796066254,496.17790719529694,22.347119894563075
SO2,MRA,0.0,0.0,0.0,2032.5779713703469,491.710008671981,22.327416291933144
HCN,aug-cc-pVDZ,0.0,0.0,0.0,257.73004850886,16.988652747340275,7.674067437897462
HCN,aug-cc-pVTZ,0.0,0.0,0.0,146.27519972736002,10.62862258847622,5.789460226113001
HCN,aug-cc-pVQZ,0.0,0.0,0.0,100.87511700966002,5.329129310991359,4.787925312039616
HCN,aug-cc-pCVDZ,0.0,0.0,0.0,256.50091483926,17.726605795997237,7.660838822783096
HCN,aug-cc-pCVTZ,0.0,0.0,0.0,145.97126262726002,10.438992329269507,5.782062617030194
HCN,aug-cc-pCVQZ,0.0,0.0,0.0,101.78506086936001,5.535257347174778,4.811036248232903
HCN,d-aug-cc-pVDZ,0.0,0.0,0.0,69.07381716696,5.1177857856775795,3.9795910993816768
HCN,d-aug-cc-pVTZ,0.0,0.0,0.0,86.31160661976,3.1882180677499825,4.414068060484515
HCN,d-aug-cc-pVQZ,0.0,0.0,0.0,87.46294529285998,3.430926906133233,4.4455556467691695
HCN,d-aug-cc-pCVDZ,0.0,0.0,0.0,69.52454697606,5.45134448530952,3.9961325044699034
HCN,d-aug-cc-pCVTZ,0.0,0.0,0.0,86.12877319349998,3.159004439244395,4.409147870277844
HCN,d-aug-cc-pCVQZ,0.0,0.0,0.0,87.59251872054001,3.4711028635817622,4.449223009158231
HCN,MRA,0.0,0.0,0.0,86.83542744612896,3.3023994381042687,4.428462022745112
CH3BH2,aug-cc-pVDZ,0.0,0.0,0.0,959.9884396877716,934.2894529847282,17.38708463999551
CH3BH2,aug-cc-pVTZ,0.0,0.0,0.0,992.1904054744581,787.8318913176017,17.190647616335347
CH3BH2,aug-cc-pVQZ,0.0,0.0,0.0,984.2359910495858,757.4829827678132,17.05462827434851
CH3BH2,aug-cc-pCVDZ,0.0,0.0,0.0,957.5095221775987,931.8116998695481,17.36444255463997
CH3BH2,aug-cc-pCVTZ,0.0,0.0,0.0,990.7568612808268,788.7816053026079,17.184011436320876
CH3BH2,aug-cc-pCVQZ,0.0,0.0,0.0,982.8239022954926,756.99324031126,17.044057789639727
CH3BH2,d-aug-cc-pVDZ,0.0,0.0,0.0,1044.4852081278354,811.657737913484,17.59001310325121
CH3BH2,d-aug-cc-pVTZ,0.0,0.0,0.0,999.3927075089086,759.0157402918111,17.157344832357886
CH3BH2,d-aug-cc-pVQZ,0.0,0.0,0.0,995.506547282502,757.8286261298409,17.12885962472102
CH3BH2,d-aug-cc-pCVDZ,0.0,0.0,0.0,1040.4484686128558,807.8429155692883,17.554150259504596
CH3BH2,d-aug-cc-pCVTZ,0.0,0.0,0.0,1000.2589644690584,758.3868257456778,17.161208775016302
CH3BH2,d-aug-cc-pCVQZ,0.0,0.0,0.0,994.7942859193046,757.4209821259097,17.12310510690148
CH3BH2,MRA,0.0,0.0,0.0,997.8820802403287,759.0895551651334,17.147764190581814
NaLi,aug-cc-pVDZ,0.0,0.0,0.0,604064.0586966,58333.547379971445,373.8877283745523
NaLi,aug-cc-pVTZ,0.0,0.0,0.0,1109314.5087173998,47347.78954011685,501.0226028434927
NaLi,aug-cc-pVQZ,0.0,0.0,0.0,1077110.7744149999,29158.82518698838,492.0721297129002
NaLi,aug-cc-pCVDZ,0.0,0.0,0.0,1319605.4329944,702.0156753742922,541.5833365349079
NaLi,aug-cc-pCVTZ,0.0,0.0,0.0,1186445.8137696,36218.13830622984,516.8210249085156
NaLi,aug-cc-pCVQZ,0.0,0.0,0.0,1212557.7005016,18204.277586438693,520.7600287086666
NaLi,d-aug-cc-pVDZ,0.0,0.0,0.0,690393.1527575998,17217.65527713675,393.7771924653085
NaLi,d-aug-cc-pVTZ,0.0,0.0,0.0,1152308.2213655997,23788.62465642011,508.2657542441861
NaLi,d-aug-cc-pVQZ,0.0,0.0,0.0,1097555.3730006,24154.086217860116,496.18704453435606
NaLi,d-aug-cc-pCVDZ,0.0,0.0,0.0,1232722.8539736,1814.7827684816687,523.5563469658968
NaLi,d-aug-cc-pCVTZ,0.0,0.0,0.0,1230443.1369599998,17231.2246206212,524.4739051895918
NaLi,d-aug-cc-pCVQZ,0.0,0.0,0.0,1231314.5443254001,15531.925485445006,524.5042280984464
NaLi,MRA,0.0,0.0,0.0,1250561.8155034443,14442.280989504916,528.4676726156159
HOF,aug-cc-pVDZ,0.0,0.0,0.0,752.6017954719654,40.54332485536162,13.080753513160413
HOF,aug-cc-pVTZ,0.0,0.0,0.0,725.5287788899493,22.103307900457594,12.780207137366771
HOF,aug-cc-pVQZ,0.0,0.0,0.0,682.275558105375,17.934651315499984,12.3824413069528
HOF,aug-cc-pCVDZ,0.0,0.0,0.0,754.2319816908697,40.28250233051844,13.093644864429393
HOF,aug-cc-pCVTZ,0.0,0.0,0.0,726.5032313094964,22.159440715886447,12.78888523048604
HOF,aug-cc-pCVQZ,0.0,0.0,0.0,682.1342428054295,17.94636804871839,12.381218243755225
HOF,d-aug-cc-pVDZ,0.0,0.0,0.0,677.6404452646447,17.14601431611846,12.337735584731815
HOF,d-aug-cc-pVTZ,0.0,0.0,0.0,662.8105500629376,16.7113878066705,12.20175373013289
HOF,d-aug-cc-pVQZ,0.0,0.0,0.0,663.6299225010456,17.115564900502406,12.210789078163266
HOF,d-aug-cc-pCVDZ,0.0,0.0,0.0,680.0637993047574,17.272247250589615,12.3600268876333
HOF,d-aug-cc-pCVTZ,0.0,0.0,0.0,662.6154469779149,16.805465531060058,12.200344160431333
HOF,d-aug-cc-pCVQZ,0.0,0.0,0.0,663.6254975615856,17.108019299862413,12.210719387606897
HOF,MRA,0.0,0.0,0.0,664.5374152330196,17.196812512585474,12.219360573727192
CH3F,aug-cc-pVDZ,0.0,0.0,0.0,2315.955428390688,589.5371997629094,23.891487225411844
CH3F,aug-cc-pVTZ,0.0,0.0,0.0,2382.193913998476,528.1791978238361,24.07652811511913
CH3F,aug-cc-pVQZ,0.0,0.0,0.0,2226.6601562344763,483.9188873475664,23.257275875149833
CH3F,aug-cc-pCVDZ,0.0,0.0,0.0,2317.0962680936796,588.0962456887881,23.893920734251015
CH3F,aug-cc-pCVTZ,0.0,0.0,0.0,2384.538474264633,529.1445039061872,24.08925389843376
CH3F,aug-cc-pCVQZ,0.0,0.0,0.0,2227.3327470482827,483.43407081980774,23.25949639943808
CH3F,d-aug-cc-pVDZ,0.0,0.0,0.0,2080.5083825265374,413.7492988863913,22.399551139454683
CH3F,d-aug-cc-pVTZ,0.0,0.0,0.0,2136.369830886147,470.0181396044503,22.79281649229234
CH3F,d-aug-cc-pVQZ,0.0,0.0,0.0,2128.250364667008,475.51762044301967,22.764707727196985
CH3F,d-aug-cc-pCVDZ,0.0,0.0,0.0,2084.615901889973,415.340054808396,22.423295339753466
CH3F,d-aug-cc-pCVTZ,0.0,0.0,0.0,2137.3079766360756,468.9672003345066,22.79519403361925
CH3F,d-aug-cc-pCVQZ,0.0,0.0,0.0,2127.728670398469,475.42909826284534,22.76197608208041
CH3F,MRA,0.0,0.0,0.0,2130.788275615306,478.0009722058878,22.78228276110927
HNS,aug-cc-pVDZ,0.0,0.0,0.0,4974.350650925544,4735.089436109716,39.45088280936623
HNS,aug-cc-pVTZ,0.0,0.0,0.0,10009.504350143043,6514.60741705313,53.33641440569374
HNS,aug-cc-pVQZ,0.0,0.0,0.0,13141.60910108664,7596.348629241563,60.36405679071558
HNS,aug-cc-pCVDZ,0.0,0.0,0.0,5082.262929652853,4740.606450440154,39.76025767972872
HNS,aug-cc-pCVTZ,0.0,0.0,0.0,10187.87613978749,6506.589698684682,53.6996060032741
HNS,aug-cc-pCVQZ,0.0,0.0,0.0,13314.93720934614,7624.860970146556,60.70463055370905
HNS,d-aug-cc-pVDZ,0.0,0.0,0.0,13516.125504161311,7969.755300587625,61.34009911722395
HNS,d-aug-cc-pVTZ,0.0,0.0,0.0,14557.059026174458,7951.52321575904,63.18377901904041
HNS,d-aug-cc-pVQZ,0.0,0.0,0.0,14662.45051466406,7905.13547139424,63.33397493831176
HNS,d-aug-cc-pCVDZ,0.0,0.0,0.0,13733.937924158847,7979.123496881686,61.740608426554836
HNS,d-aug-cc-pCVTZ,0.0,0.0,0.0,14799.007174330862,7958.316065574641,63.61291633269516
HNS,d-aug-cc-pCVQZ,0.0,0.0,0.0,14821.00630502064,7918.72538569296,63.621704465679024
HNS,MRA,0.0,0.0,0.0,14795.500027914748,7846.236184436011,63.52282648061303
CH3OH,aug-cc-pVDZ,0.0,0.0,0.0,1923.207063003964,351.91200036788786,21.46846002722784
CH3OH,aug-cc-pVTZ,0.0,0.0,0.0,2024.1877280679553,359.3331340407821,22.000947669775307
CH3OH,aug-cc-pVQZ,0.0,0.0,0.0,1935.790612724843,341.85729317886904,21.511241925147843
CH3OH,aug-cc-pCVDZ,0.0,0.0,0.0,1926.7524354499558,352.3849670708291,21.487849611632445
CH3OH,aug-cc-pCVTZ,0.0,0.0,0.0,2026.405325838077,360.8065130681056,22.015331468882977
CH3OH,aug-cc-pCVQZ,0.0,0.0,0.0,1936.5353269905065,341.37809394355696,21.51402759129178
CH3OH,d-aug-cc-pVDZ,0.0,0.0,0.0,1842.8847633747334,284.5630753553219,20.895721875267743
CH3OH,d-aug-cc-pVTZ,0.0,0.0,0.0,1859.1067255239725,342.9486309203062,21.11389595189809
CH3OH,d-aug-cc-pVQZ,0.0,0.0,0.0,1846.6468953674055,345.2457761482232,21.05342078755058
CH3OH,d-aug-cc-pCVDZ,0.0,0.0,0.0,1846.2323949435881,286.4719509293906,20.917860992192193
CH3OH,d-aug-cc-pCVTZ,0.0,0.0,0.0,1859.1413115182286,342.7138849791238,21.11354852429541
CH3OH,d-aug-cc-pCVQZ,0.0,0.0,0.0,1845.922732648653,345.2631613347056,21.049637943230785
CH3OH,MRA,0.0,0.0,0.0,1843.352875310018,347.1956099388151,21.040442506200208
Na2,aug-cc-pVDZ,0.0,0.0,0.0,0.007722269222399991,1.4162268984388093,0.36958735376020047
Na2,aug-cc-pVTZ,0.0,0.0,0.0,0.262473944415,1.3714731315334325,0.4346769282131306
Na2,aug-cc-pVQZ,0.0,0.0,0.0,0.13066814133749372,2.7939675842183944,0.5432582402684818
Na2,aug-cc-pCVDZ,0.0,0.0,0.0,7.0478064974615995,0.7012374680197181,1.2778746974652546
Na2,aug-cc-pCVTZ,0.0,0.0,0.0,0.516389844291846,0.31180680936894944,0.3800647120400524
Na2,aug-cc-pCVQZ,0.0,0.0,0.0,0.447499868175414,0.6031486327248159,0.39608981566844775
Na2,d-aug-cc-pVDZ,0.0,0.0,0.0,0.16488471991766399,0.021172337253973585,0.19661500945349775
Na2,d-aug-cc-pVTZ,0.0,0.0,0.0,0.9021501641094001,3.6576207977511066,0.7408256556893741
Na2,d-aug-cc-pVQZ,0.0,0.0,0.0,0.400611350803254,0.29485562478886135,0.34220787936293195
Na2,d-aug-cc-pCVDZ,0.0,0.0,0.0,9.6620583698784,22.62660787455648,2.0741357520343855
Na2,d-aug-cc-pCVTZ,0.0,0.0,0.0,0.03494916945375002,0.5060947264640167,0.23657129973712177
Na2,d-aug-cc-pCVQZ,0.0,0.0,0.0,0.09647338213499997,0.3915528581938965,0.2423412423892228
Na2,MRA,0.0,0.0,0.0,0.06846769391297823,0.04153277902884683,0.1384577403268774
O3,aug-cc-pVDZ,0.0,0.0,0.0,614.0316602399303,3968.8566302349823,22.681221876036194
O3,aug-cc-pVTZ,0.0,0.0,0.0,731.9008641467675,4805.196880519643,24.90546997391913
O3,aug-cc-pVQZ,0.0,0.0,0.0,790.596776277542,5313.872397052997,26.11074985403022
O3,aug-cc-pCVDZ,0.0,0.0,0.0,622.9091995289369,4021.649127388349,22.83502724260254
O3,aug-cc-pCVTZ,0.0,0.0,0.0,732.5197770526225,4803.022807256102,24.90407428969326
O3,aug-cc-pCVQZ,0.0,0.0,0.0,791.1243299151979,5318.422708860895,26.121291222119247
O3,d-aug-cc-pVDZ,0.0,0.0,0.0,727.0900772700677,5401.191185540689,25.99951409650508
O3,d-aug-cc-pVTZ,0.0,0.0,0.0,829.9556637010288,5575.725844700187,26.748011158825012
O3,d-aug-cc-pVQZ,0.0,0.0,0.0,848.1806472075726,5688.698861297958,27.023423769046886
O3,d-aug-cc-pCVDZ,0.0,0.0,0.0,736.9770981740396,5456.446536405713,26.142575683717588
O3,d-aug-cc-pCVTZ,0.0,0.0,0.0,833.0822405518641,5592.14165755449,26.79019049123013
O3,d-aug-cc-pCVQZ,0.0,0.0,0.0,848.5521038993509,5692.854800230861,27.032272968451803
O3,MRA,0.0,0.0,0.0,845.0072342264897,5654.755244702961,26.95046389075341
CH2NH,aug-cc-pVDZ,0.0,0.0,0.0,787.1414575323367,144.11102608182742,13.734816472123518
CH2NH,aug-cc-pVTZ,0.0,0.0,0.0,690.60344597592,93.10388911147997,12.741054489222211
CH2NH,aug-cc-pVQZ,0.0,0.0,0.0,605.4339366219792,86.80067931572705,11.95021364529885
CH2NH,aug-cc-pCVDZ,0.0,0.0,0.0,795.0014870563491,145.1155919363102,13.801721982745342
CH2NH,aug-cc-pCVTZ,0.0,0.0,0.0,689.2871412382015,91.82980477938554,12.724803179948628
CH2NH,aug-cc-pCVQZ,0.0,0.0,0.0,609.370505154819,86.37423462796978,11.985065097687128
CH2NH,d-aug-cc-pVDZ,0.0,0.0,0.0,511.28595165049734,106.44890510650961,11.124616457626837
CH2NH,d-aug-cc-pVTZ,0.0,0.0,0.0,553.5790171783897,83.43724354075842,11.443948773029106
CH2NH,d-aug-cc-pVQZ,0.0,0.0,0.0,556.3934921358294,85.28751487129762,11.478920625056157
CH2NH,d-aug-cc-pCVDZ,0.0,0.0,0.0,518.4894029874149,106.90285208066003,11.198262871455489
CH2NH,d-aug-cc-pCVTZ,0.0,0.0,0.0,554.1480597999575,83.69600144755044,11.450548504145512
CH2NH,d-aug-cc-pCVQZ,0.0,0.0,0.0,556.4732979411577,85.34475766971039,11.479930532665817
CH2NH,MRA,0.0,0.0,0.0,566.1073957505562,86.94583815774577,11.579386836752064
ClCN,aug-cc-pVDZ,0.0,0.0,0.0,618.2533188216601,1049.1585489260292,15.404852748640355
ClCN,aug-cc-pVTZ,0.0,0.0,0.0,187.72281476933995,861.8335477207831,11.126345606580392
ClCN,aug-cc-pVQZ,0.0,0.0,0.0,70.68676183686006,820.1517623303711,9.685962055861644
ClCN,aug-cc-pCVDZ,0.0,0.0,0.0,584.4066262335001,1039.4832512554922,15.128335798906484
ClCN,aug-cc-pCVTZ,0.0,0.0,0.0,168.82004431205993,818.9259986613632,10.747488900024189
ClCN,aug-cc-pCVQZ,0.0,0.0,0.0,56.08097424599999,794.9381335758121,9.389932502165294
ClCN,d-aug-cc-pVDZ,0.0,0.0,0.0,177.56922839135996,876.8734283744209,11.08925532281999
ClCN,d-aug-cc-pVTZ,0.0,0.0,0.0,68.46781729014002,888.6624197897083,9.992476503818681
ClCN,d-aug-cc-pVQZ,0.0,0.0,0.0,49.44201985014,852.0879801288276,9.598872419456299
ClCN,d-aug-cc-pCVDZ,0.0,0.0,0.0,158.414100864,867.2470716852414,10.853482977065545
ClCN,d-aug-cc-pCVTZ,0.0,0.0,0.0,52.28320664165999,844.8563931821432,9.59588474301395
ClCN,d-aug-cc-pCVQZ,0.0,0.0,0.0,39.48554942645998,822.3248759443065,9.332267751787453
ClCN,MRA,0.0,0.0,0.0,39.444878459779275,816.8304543005939,9.303703840228051
Mg2,aug-cc-pVDZ,0.0,0.0,0.0,12.090174864802654,9.805525142088397,1.9027782484707598
Mg2,aug-cc-pVTZ,0.0,0.0,0.0,2.249919892459104,2.340670193765658,0.8502371252533436
Mg2,aug-cc-pVQZ,0.0,0.0,0.0,0.03148919940615001,0.29273516861685994,0.18675422280715825
Mg2,aug-cc-pCVDZ,0.0,0.0,0.0,0.35500404542976594,0.481683052217599,0.3532199941608026
Mg2,aug-cc-pCVTZ,0.0,0.0,0.0,1.5801940369021497,0.30912862606635755,0.6169238623629574
Mg2,aug-cc-pCVQZ,0.0,0.0,0.0,0.40445711225340003,0.33227756993158886,0.34860413240402194
Mg2,d-aug-cc-pVDZ,0.0,0.0,0.0,20.883702603180147,18.364290917531594,2.5278059435191342
Mg2,d-aug-cc-pVTZ,0.0,0.0,0.0,1.21685442972615,0.3330080164629366,0.5496609361066569
Mg2,d-aug-cc-pVQZ,0.0,0.0,0.0,0.870224771535,0.8120592525760726,0.5203097721541945
Mg2,d-aug-cc-pCVDZ,0.0,0.0,0.0,0.013180398306264,0.03405501307369601,0.07856406290308081
Mg2,d-aug-cc-pCVTZ,0.0,0.0,0.0,1.3832369529583741,0.5530988882199096,0.60005172621923
Mg2,d-aug-cc-pCVQZ,0.0,0.0,0.0,1.6566723613464,1.0343605748322398,0.6831251309745068
Mg2,MRA,0.0,0.0,0.0,0.6778363963264951,0.4146244917063753,0.4360256381498171
NH3,aug-cc-pVDZ,0.0,0.0,0.0,190.38926542515088,835.4809188463706,11.039852216797808
NH3,aug-cc-pVTZ,0.0,0.0,0.0,315.0819849747208,551.4328837616456,11.069581581269473
NH3,aug-cc-pVQZ,0.0,0.0,0.0,369.48573633848935,415.03587425949763,11.028833461817499
NH3,aug-cc-pCVDZ,0.0,0.0,0.0,189.84439615722954,834.377971297215,11.029606170914185
NH3,aug-cc-pCVTZ,0.0,0.0,0.0,315.0945230883061,551.2651379878456,11.068985809181564
NH3,aug-cc-pCVQZ,0.0,0.0,0.0,370.22918629798033,414.4738334246601,11.033895546544677
NH3,d-aug-cc-pVDZ,0.0,0.0,0.0,338.2562651774432,444.7421199793624,10.840869490373343
NH3,d-aug-cc-pVTZ,0.0,0.0,0.0,397.84061772242876,358.7229215654389,11.071274268514747
NH3,d-aug-cc-pVQZ,0.0,0.0,0.0,396.8978036823204,358.9260623188303,11.062682605767906
NH3,d-aug-cc-pCVDZ,0.0,0.0,0.0,338.7328370334361,444.0445959189136,10.842689947669584
NH3,d-aug-cc-pCVTZ,0.0,0.0,0.0,396.7308278751883,358.6266786523545,11.059716450745968
NH3,d-aug-cc-pCVQZ,0.0,0.0,0.0,396.63362530519663,358.8186760402034,11.059566576738039
NH3,MRA,0.0,0.0,0.0,402.03142803224455,362.5770714866858,11.129755927507908
H2O,aug-cc-pVDZ,0.0,0.0,0.0,178.16141159599172,288.77675488086896,8.19109106792261
H2O,aug-cc-pVTZ,0.0,0.0,0.0,225.68216110183778,184.58622066745386,8.229898627536732
H2O,aug-cc-pVQZ,0.0,0.0,0.0,207.07120752102026,151.65389962079885,7.775541937953536
H2O,aug-cc-pV5Z,0.0,0.0,0.0,211.10538644010813,138.86875551850477,7.7548632393788175
H2O,aug-cc-pCVDZ,0.0,0.0,0.0,179.19286913805172,289.0250869875741,8.206511825797552
H2O,aug-cc-pCVTZ,0.0,0.0,0.0,226.0847313503354,184.64050864162942,8.235645800907632
H2O,aug-cc-pCVQZ,0.0,0.0,0.0,207.3936856493716,151.59757488759433,7.779803980491368
H2O,d-aug-cc-pVDZ,0.0,0.0,0.0,134.23815266241246,175.0662805492913,6.819360651232615
H2O,d-aug-cc-pVTZ,0.0,0.0,0.0,193.56411735876162,130.0255219500301,7.442958507529585
H2O,d-aug-cc-pVQZ,0.0,0.0,0.0,204.67634126448235,126.2195424340665,7.583174809758219
H2O,d-aug-cc-pV5Z,0.0,0.0,0.0,204.41733051671358,126.62312732093108,7.581913934310706
H2O,d-aug-cc-pCVDZ,0.0,0.0,0.0,135.8859708066625,174.83598916809822,6.844554696174067
H2O,d-aug-cc-pCVTZ,0.0,0.0,0.0,192.6988499807295,130.24819155577802,7.431457214730042
H2O,d-aug-cc-pCVQZ,0.0,0.0,0.0,204.70936554148628,126.17560670953469,7.583382791924551
H2O,MRA,0.0,0.0,0.0,205.19640479159443,126.7006957267296,7.593808925114851
PH3,aug-cc-pVDZ,0.0,0.0,0.0,289.89605966457776,1414.7455510479977,14.112371101998031
PH3,aug-cc-pVTZ,0.0,0.0,0.0,808.5747396746779,904.7100554232422,16.304788802818727
PH3,aug-cc-pVQZ,0.0,0.0,0.0,933.4904083148188,861.7586573680859,17.015127564656208
PH3,aug-cc-pCVDZ,0.0,0.0,0.0,317.4715997419713,1413.6403198727176,14.324163354400634
PH3,aug-cc-pCVTZ,0.0,0.0,0.0,886.6851584771836,878.5251790792996,16.75440870345719
PH3,aug-cc-pCVQZ,0.0,0.0,0.0,990.0832625365035,846.4444072646618,17.338750123890552
PH3,d-aug-cc-pVDZ,0.0,0.0,0.0,967.2381276837193,955.300492036063,17.490649084395564
PH3,d-aug-cc-pVTZ,0.0,0.0,0.0,877.4359517829467,903.053348057297,16.76278162568011
PH3,d-aug-cc-pVQZ,0.0,0.0,0.0,936.6862079433722,866.7674065853062,17.049978518219046
PH3,d-aug-cc-pCVDZ,0.0,0.0,0.0,1020.806564238391,952.8582080242646,17.821175716778693
PH3,d-aug-cc-pCVTZ,0.0,0.0,0.0,961.063505475779,888.353116996439,17.267736581413097
PH3,d-aug-cc-pCVQZ,0.0,0.0,0.0,993.854939276793,858.2812584861086,17.395336312051942
PH3,MRA,0.0,0.0,0.0,1017.923200473495,853.7019907514464,17.5359661028674
BHF2,aug-cc-pVDZ,0.0,0.0,0.0,1203.137756733098,120.84888400712721,16.699501892726524
BHF2,aug-cc-pVTZ,0.0,0.0,0.0,1232.5247216653734,105.23801515872628,16.849838299006315
BHF2,aug-cc-pVQZ,0.0,0.0,0.0,1143.366361880528,121.23770995461555,16.29809382468805
BHF2,aug-cc-pCVDZ,0.0,0.0,0.0,1211.0876222402908,121.74797138956275,16.754868773413556
BHF2,aug-cc-pCVTZ,0.0,0.0,0.0,1234.2069729922441,104.61081314017272,16.859156289840755
BHF2,aug-cc-pCVQZ,0.0,0.0,0.0,1143.6508306693163,120.89094285388468,16.299019975647838
BHF2,d-aug-cc-pVDZ,0.0,0.0,0.0,1124.906461452762,119.1783039969206,16.165689849880913
BHF2,d-aug-cc-pVTZ,0.0,0.0,0.0,1122.2378572833463,120.42449873371203,16.151012054568326
BHF2,d-aug-cc-pVQZ,0.0,0.0,0.0,1118.7727291209242,123.08117755789127,16.13499857257965
BHF2,d-aug-cc-pCVDZ,0.0,0.0,0.0,1131.5952316800083,121.69777629274844,16.218997239312763
BHF2,d-aug-cc-pCVTZ,0.0,0.0,0.0,1122.4070590318627,120.79975164180564,16.153282302602463
BHF2,d-aug-cc-pCVQZ,0.0,0.0,0.0,1118.6841306805748,122.88735001853865,16.133816369018053
BHF2,MRA,0.0,0.0,0.0,1118.569095595412,124.13058571258759,16.13669330056098
LiCN,aug-cc-pVDZ,0.0,0.0,0.0,9792.32373982326,652.0334997790399,47.309305329219654
LiCN,aug-cc-pVTZ,0.0,0.0,0.0,7659.210524088538,492.72455293816074,41.82072370284448
LiCN,aug-cc-pVQZ,0.0,0.0,0.0,7401.036793926,477.00523906399974,41.11087342153794
LiCN,aug-cc-pCVDZ,0.0,0.0,0.0,9260.421563071499,646.1094568460005,46.03700351288805
LiCN,aug-cc-pCVTZ,0.0,0.0,0.0,7567.65269936376,491.1944939830396,41.57500484494257
LiCN,aug-cc-pCVQZ,0.0,0.0,0.0,7391.6534566725595,472.9489939422407,41.08080352629655
LiCN,d-aug-cc-pVDZ,0.0,0.0,0.0,7700.5400803679995,482.6198150519998,41.9189088703461
LiCN,d-aug-cc-pVTZ,0.0,0.0,0.0,7394.510556476161,465.87011779264026,41.08032559209739
LiCN,d-aug-cc-pVQZ,0.0,0.0,0.0,7375.88605898616,468.5428342966394,41.03302228646683
LiCN,d-aug-cc-pCVDZ,0.0,0.0,0.0,7465.20806645496,519.2700554198398,41.33266767184578
LiCN,d-aug-cc-pCVTZ,0.0,0.0,0.0,7363.426733997359,463.9275191494403,40.993909611694036
LiCN,d-aug-cc-pCVQZ,0.0,0.0,0.0,7367.0571066228595,469.66389788143977,41.01040961156172
LiCN,MRA,0.0,0.0,0.0,7333.510329094281,466.4774022770249,40.915710690215676
NH2F,aug-cc-pVDZ,0.0,0.0,0.0,2180.4918608919247,522.4984375505704,23.115265579743387
NH2F,aug-cc-pVTZ,0.0,0.0,0.0,2287.8076010760024,389.4404489563339,23.355754230922845
NH2F,aug-cc-pVQZ,0.0,0.0,0.0,2237.1085844435406,359.71084963443445,23.051972087938896
NH2F,aug-cc-pCVDZ,0.0,0.0,0.0,2179.9673331484178,521.0084161480245,23.109674041427922
NH2F,aug-cc-pCVTZ,0.0,0.0,0.0,2289.840184477553,389.63630798415556,23.365821067027795
NH2F,aug-cc-pCVQZ,0.0,0.0,0.0,2236.5142980476617,359.26448001091035,23.048185223719212
NH2F,d-aug-cc-pVDZ,0.0,0.0,0.0,2161.4515955330394,390.7280726840142,22.749390633236693
NH2F,d-aug-cc-pVTZ,0.0,0.0,0.0,2215.46571227538,353.08294892712405,22.933657827652404
NH2F,d-aug-cc-pVQZ,0.0,0.0,0.0,2214.604818968169,361.58104758199846,22.947128239957465
NH2F,d-aug-cc-pCVDZ,0.0,0.0,0.0,2161.83231848844,389.267259877894,22.74819232940594
NH2F,d-aug-cc-pCVTZ,0.0,0.0,0.0,2214.0650691103797,353.25063161918814,22.927219131403007
NH2F,d-aug-cc-pCVQZ,0.0,0.0,0.0,2214.278337484985,361.58509169246156,22.945555739047226
NH2F,MRA,0.0,0.0,0.0,2213.3073934939052,358.4571751879426,22.934359943813952
HCl,aug-cc-pVDZ,0.0,0.0,0.0,262.54165067162785,314.39032131383794,9.395984482818294
HCl,aug-cc-pVTZ,0.0,0.0,0.0,91.72999989603771,260.3009799817155,6.721236042827974
HCl,aug-cc-pVQZ,0.0,0.0,0.0,22.03517809177042,176.1403853633837,4.655317501430851
HCl,aug-cc-pCVDZ,0.0,0.0,0.0,259.096011957912,314.42018698882487,9.355301772760946
HCl,aug-cc-pCVTZ,0.0,0.0,0.0,86.3288786421721,258.0978162517259,6.61550751331614
HCl,aug-cc-pCVQZ,0.0,0.0,0.0,21.209453498328166,177.37549347748683,4.64823794886088
HCl,d-aug-cc-pVDZ,0.0,0.0,0.0,36.75969339216968,225.71709023128386,5.446621566634517
HCl,d-aug-cc-pVTZ,0.0,0.0,0.0,31.45029936104804,125.7382893628666,4.354771014758652
HCl,d-aug-cc-pVQZ,0.0,0.0,0.0,19.64758572490895,134.0313254975072,4.138963433483148
HCl,d-aug-cc-pCVDZ,0.0,0.0,0.0,34.95898735383718,225.42127237536388,5.407157891497693
HCl,d-aug-cc-pCVTZ,0.0,0.0,0.0,28.07472538100602,125.20827414851097,4.26185703659792
HCl,d-aug-cc-pCVQZ,0.0,0.0,0.0,17.84393925977413,133.31050152293034,4.081857184638439
HCl,MRA,0.0,0.0,0.0,18.468382182364536,131.20992181156342,4.074342641345601
HCCCl,aug-cc-pVDZ,0.0,0.0,0.0,11713.728006294003,720.4971033976384,51.68819439502109
HCCCl,aug-cc-pVTZ,0.0,0.0,0.0,7862.330743703999,128.62205751566574,41.945611563969315
HCCCl,aug-cc-pVQZ,0.0,0.0,0.0,6587.007277055999,116.04379887734689,38.403530895877324
HCCCl,aug-cc-pCVDZ,0.0,0.0,0.0,11446.380086616,709.9781324345317,51.10045972632502
HCCCl,aug-cc-pCVTZ,0.0,0.0,0.0,7609.012661399999,103.99982388789735,41.240713471829196
HCCCl,aug-cc-pCVQZ,0.0,0.0,0.0,6382.3444614,97.67189102062994,37.783605625444316
HCCCl,d-aug-cc-pVDZ,0.0,0.0,0.0,7300.752629334001,109.55513730939926,40.40820827240709
HCCCl,d-aug-cc-pVTZ,0.0,0.0,0.0,6390.478372373999,129.99200018646346,37.84820333207309
HCCCl,d-aug-cc-pVQZ,0.0,0.0,0.0,6219.446658774,135.63826441741483,37.34992888145637
HCCCl,d-aug-cc-pCVDZ,0.0,0.0,0.0,7075.00770615,107.60370740314227,39.780295459355656
HCCCl,d-aug-cc-pCVTZ,0.0,0.0,0.0,6122.466622296,102.60054957145779,37.01782839659246
HCCCl,d-aug-cc-pCVQZ,0.0,0.0,0.0,6028.726301285999,116.3267299823123,36.753172543742735
HCCCl,MRA,0.0,0.0,0.0,6009.808006786634,118.3938055042104,36.698617016465896
HCOOH,aug-cc-pVDZ,0.0,0.0,0.0,730.6197431862,415.96157870580004,14.211802537976599
HCOOH,aug-cc-pVTZ,0.0,0.0,0.0,583.08475634286,503.82151275784,13.325066285517897
HCOOH,aug-cc-pVQZ,0.0,0.0,0.0,503.6117708396399,546.5344645969599,12.80486736532011
HCOOH,aug-cc-pCVDZ,0.0,0.0,0.0,734.4622199595,417.59144195199997,14.24726079556715
HCOOH,aug-cc-pCVTZ,0.0,0.0,0.0,583.2121560156601,501.68101671604006,13.318477607668228
HCOOH,aug-cc-pCVQZ,0.0,0.0,0.0,504.5466268366199,545.94957628768,12.810802877729552
HCOOH,d-aug-cc-pVDZ,0.0,0.0,0.0,466.77414443407497,604.5426325487999,12.7005148110692
HCOOH,d-aug-cc-pVTZ,0.0,0.0,0.0,458.2194527019487,582.8206766093747,12.54325620206062
HCOOH,d-aug-cc-pVQZ,0.0,0.0,0.0,460.09054609574457,577.6236734467784,12.540100557823882
HCOOH,d-aug-cc-pCVDZ,0.0,0.0,0.0,470.3386164526086,606.7153149562546,12.739784279697943
HCOOH,d-aug-cc-pCVTZ,0.0,0.0,0.0,458.93172393880866,582.4592790494745,12.548192691873345
HCOOH,d-aug-cc-pCVQZ,0.0,0.0,0.0,460.42029826779657,577.4925507025864,12.54252416303798
HCOOH,MRA,0.0,0.0,0.0,461.3238391597441,578.1063384806308,12.552854465185606
HCHS,aug-cc-pVDZ,0.0,0.0,0.0,237.41398707019277,5985.005483545071,24.95514347856497
HCHS,aug-cc-pVTZ,0.0,0.0,0.0,2278.517919053754,8830.739732605512,36.706404713918715
HCHS,aug-cc-pVQZ,0.0,0.0,0.0,3843.073581006878,10505.080741426007,43.06390868779415
HCHS,aug-cc-pCVDZ,0.0,0.0,0.0,261.9748166218575,6007.784605272928,25.107500638711805
HCHS,aug-cc-pCVTZ,0.0,0.0,0.0,2369.7115734156196,8837.793297646407,36.99050110022823
HCHS,aug-cc-pCVQZ,0.0,0.0,0.0,3940.2925227272717,10578.912104107756,43.39511492198763
HCHS,d-aug-cc-pVDZ,0.0,0.0,0.0,4021.3843332388133,10752.08783016262,43.79097313053629
HCHS,d-aug-cc-pVTZ,0.0,0.0,0.0,4438.568087164804,10945.486075899025,45.04193278643932
HCHS,d-aug-cc-pVQZ,0.0,0.0,0.0,4454.09227525487,10844.046217079898,44.97293174542363
HCHS,d-aug-cc-pCVDZ,0.0,0.0,0.0,4138.702418439864,10788.763572887241,44.12723582095438
HCHS,d-aug-cc-pCVTZ,0.0,0.0,0.0,4599.746749064529,11005.497462307587,45.50064350857499
HCHS,d-aug-cc-pCVQZ,0.0,0.0,0.0,4560.304562832717,10882.25766526241,45.27478885530643
HCHS,MRA,0.0,0.0,0.0,4568.970957742272,10866.16680247955,45.279133254799156
LiH_s,aug-cc-pVDZ,0.0,0.0,0.0,426633.23044859996,46030.539320227734,314.9464167628742
LiH_s,aug-cc-pVTZ,0.0,0.0,0.0,308262.4207704,27213.333100280564,266.63553060451363
LiH_s,aug-cc-pVQZ,0.0,0.0,0.0,287788.59861359996,26316.181819212037,257.79706155139644
LiH_s,aug-cc-pCVDZ,0.0,0.0,0.0,399521.43363839993,45079.67595794411,305.0833382548422
LiH_s,aug-cc-pCVTZ,0.0,0.0,0.0,303425.23285439995,27693.485263837676,264.6985158821865
LiH_s,aug-cc-pCVQZ,0.0,0.0,0.0,286764.7901334,26362.474114475965,257.36398492982585
LiH_s,d-aug-cc-pVDZ,0.0,0.0,0.0,283404.8564646,15509.264802587517,253.88172409701923
LiH_s,d-aug-cc-pVTZ,0.0,0.0,0.0,288661.89327359997,26511.995054566276,258.20929360519153
LiH_s,d-aug-cc-pVQZ,0.0,0.0,0.0,282018.54344639997,25927.343786036934,255.22550473904198
LiH_s,d-aug-cc-pCVDZ,0.0,0.0,0.0,265662.28086,17680.76738366015,246.41417374270696
LiH_s,d-aug-cc-pCVTZ,0.0,0.0,0.0,284012.17922939995,26269.315163184903,256.15553311588695
LiH_s,d-aug-cc-pCVQZ,0.0,0.0,0.0,281216.9758614,25987.972678409595,254.88763469325994
LiH_s,MRA,0.0,0.0,0.0,280036.8483750304,26083.49184536629,254.39055177132232
HCHO,aug-cc-pVDZ,0.0,0.0,0.0,4395.789441927484,1393.3423717315166,33.30977892007612
HCHO,aug-cc-pVTZ,0.0,0.0,0.0,4130.431459069267,1217.7092990222318,32.1534752672793
HCHO,aug-cc-pVQZ,0.0,0.0,0.0,3678.6984450143445,1128.8138194904561,30.413724227447567
HCHO,aug-cc-pCVDZ,0.0,0.0,0.0,4406.591164252157,1381.4337367772305,33.32878033671847
HCHO,aug-cc-pCVTZ,0.0,0.0,0.0,4124.533392541676,1218.1985803286377,32.13381223155173
HCHO,aug-cc-pCVQZ,0.0,0.0,0.0,3682.6336995187235,1127.5740062375912,30.426157248846764
HCHO,d-aug-cc-pVDZ,0.0,0.0,0.0,3451.594918381367,1104.0097553745688,29.532437745634653
HCHO,d-aug-cc-pVTZ,0.0,0.0,0.0,3451.944423770926,1107.2859813708826,29.539034659033653
HCHO,d-aug-cc-pVQZ,0.0,0.0,0.0,3439.048924013544,1112.718816702529,29.499259564666502
HCHO,d-aug-cc-pCVDZ,0.0,0.0,0.0,3468.8967517258266,1101.542901645013,29.59349240295368
HCHO,d-aug-cc-pCVTZ,0.0,0.0,0.0,3451.450225694874,1106.694046668227,29.53622135716292
HCHO,d-aug-cc-pCVQZ,0.0,0.0,0.0,3438.537467241731,1111.467073979712,29.495312241278544
HCHO,MRA,0.0,0.0,0.0,3450.2443771795315,1115.0618517851099,29.545174555978505
SH2,aug-cc-pVDZ,0.0,0.0,0.0,267.02017832347093,971.550270010512,12.32340920967384
SH2,aug-cc-pVTZ,0.0,0.0,0.0,12.691865426693468,712.5713099207471,8.407398457158529
SH2,aug-cc-pVQZ,0.0,0.0,0.0,3.577317790977915,514.7468178766032,7.058219745342631
SH2,aug-cc-pCVDZ,0.0,0.0,0.0,258.14637514231964,972.2118070364935,12.245711976560608
SH2,aug-cc-pCVTZ,0.0,0.0,0.0,8.844206826667687,703.4443001042603,8.304220285062279
SH2,aug-cc-pCVQZ,0.0,0.0,0.0,4.871659444478908,514.1069406479165,7.074260156627973
SH2,d-aug-cc-pVDZ,0.0,0.0,0.0,3.0527535083514863,654.2692571317824,7.936608059530032
SH2,d-aug-cc-pVTZ,0.0,0.0,0.0,0.8536254774630834,443.7895452125411,6.515778197818761
SH2,d-aug-cc-pVQZ,0.0,0.0,0.0,2.950405329675732,453.87615472232244,6.624344954677543
SH2,d-aug-cc-pCVDZ,0.0,0.0,0.0,4.499089230575166,654.8666575165488,7.960405184637818
SH2,d-aug-cc-pCVTZ,0.0,0.0,0.0,2.4450856073846268,441.48269801543,6.526049616480198
SH2,d-aug-cc-pCVQZ,0.0,0.0,0.0,4.552767199081018,452.9858972265588,6.644790445590986
SH2,MRA,0.0,0.0,0.0,5.040538354484028,464.4018878837024,6.734157026781381
CSO,aug-cc-pVDZ,0.0,0.0,0.0,5521.262665056,2582.0408584665797,38.37780494098935
CSO,aug-cc-pVTZ,0.0,0.0,0.0,8858.44353375,4094.552375462584,48.564394123593004
CSO,aug-cc-pVQZ,0.0,0.0,0.0,9618.921291894,4497.860597384396,50.65477016833365
CSO,aug-cc-pCVDZ,0.0,0.0,0.0,5614.166639813999,2589.666368247842,38.655238698518126
CSO,aug-cc-pCVTZ,0.0,0.0,0.0,8988.600677765999,4040.912220546014,48.80897048894268
CSO,aug-cc-pCVQZ,0.0,0.0,0.0,9778.551746399999,4518.813127326043,51.02327561205212
CSO,d-aug-cc-pVDZ,0.0,0.0,0.0,9222.981305856,4677.799108925511,49.95053631685908
CSO,d-aug-cc-pVTZ,0.0,0.0,0.0,9352.378662486,4416.125781426529,49.988896539093965
CSO,d-aug-cc-pVQZ,0.0,0.0,0.0,9577.365417366,4362.300093678279,50.43570736948394
CSO,d-aug-cc-pCVDZ,0.0,0.0,0.0,9359.871108486,4692.478780211461,50.26802262287481
CSO,d-aug-cc-pCVTZ,0.0,0.0,0.0,9579.002878374,4417.3993861752215,50.491306278908965
CSO,d-aug-cc-pCVQZ,0.0,0.0,0.0,9728.582455896,4390.541911135134,50.79423255745547
HOOH,aug-cc-pVDZ,0.0,0.0,0.0,62.880809206118336,78.45731480322426,4.630943572995667
HOOH,aug-cc-pVTZ,0.0,0.0,0.0,63.929440993660265,49.814202611688714,4.353246169880288
HOOH,aug-cc-pVQZ,0.0,0.0,0.0,55.12633852782463,50.1974175187752,4.12686368577728
HOOH,aug-cc-pCVDZ,0.0,0.0,0.0,63.2447810988662,78.9636333560303,4.644861874550813
HOOH,aug-cc-pCVTZ,0.0,0.0,0.0,64.0387313689765,49.86918680165463,4.356635807038297
HOOH,aug-cc-pCVQZ,0.0,0.0,0.0,55.26736693302759,50.082241738714075,4.129330987542329
HOOH,d-aug-cc-pVDZ,0.0,0.0,0.0,52.3421454103472,61.30731575486509,4.179758347754073
HOOH,d-aug-cc-pVTZ,0.0,0.0,0.0,53.55258835665565,54.79025022115894,4.137474381678964
HOOH,d-aug-cc-pVQZ,0.0,0.0,0.0,55.2197706274706,53.11072453247157,4.162838500425602
HOOH,d-aug-cc-pCVDZ,0.0,0.0,0.0,53.0312305000755,61.24409518115692,4.197319246678725
HOOH,d-aug-cc-pCVTZ,0.0,0.0,0.0,53.552476208530464,54.76910141571171,4.1372279566512615
HOOH,d-aug-cc-pCVQZ,0.0,0.0,0.0,55.16878131873259,53.0765585523692,4.161086338957827
HOOH,MRA,0.0,0.0,0.0,55.978580013990694,53.188807669357416,4.183931784573988
CO,aug-cc-pVDZ,0.0,0.0,0.0,1127.153785974,84.02404026319714,16.077341467239204
CO,aug-cc-pVTZ,0.0,0.0,0.0,1113.51736516704,90.95556816894722,16.003460201911416
CO,aug-cc-pVQZ,0.0,0.0,0.0,1046.88334833414,104.70330458997756,15.576022835388272
CO,aug-cc-pCVDZ,0.0,0.0,0.0,1130.3677678815,85.87332730903483,16.10500696776223
CO,aug-cc-pCVTZ,0.0,0.0,0.0,1116.5078967005402,87.61250767032205,16.01427220584838
CO,aug-cc-pCVQZ,0.0,0.0,0.0,1048.28330727846,104.6627984679114,15.585882446311869
CO,d-aug-cc-pVDZ,0.0,0.0,0.0,1029.1084135605597,117.10960520634593,15.48689944123584
CO,d-aug-cc-pVTZ,0.0,0.0,0.0,1041.37135426656,103.06809427931454,15.531640785269994
CO,d-aug-cc-pVQZ,0.0,0.0,0.0,1023.7545055181401,110.34614384425663,15.427577832662172
CO,d-aug-cc-pCVDZ,0.0,0.0,0.0,1030.0379701401603,119.7795378523399,15.501770922425914
CO,d-aug-cc-pCVTZ,0.0,0.0,0.0,1040.19735183174,100.80745913426853,15.516303601936249
CO,d-aug-cc-pCVQZ,0.0,0.0,0.0,1024.1396869977598,110.07849986657737,15.42952571418101
CO,MRA,0.0,0.0,0.0,1018.0442979785979,111.23872662973857,15.389159517608284
HCP,aug-cc-pVDZ,0.0,0.0,0.0,3698.678339286,17.30552101884201,28.698025449502108
HCP,aug-cc-pVTZ,0.0,0.0,0.0,3595.5056206140002,14.556757595037231,28.291122404237115
HCP,aug-cc-pVQZ,0.0,0.0,0.0,3039.6906561660003,73.3479073743804,26.124171325984094
HCP,aug-cc-pCVDZ,0.0,0.0,0.0,3790.8049792859997,18.44953203471377,29.0544007819301
HCP,aug-cc-pCVTZ,0.0,0.0,0.0,3684.521686614,17.167604393094667,28.642932932357553
HCP,aug-cc-pCVQZ,0.0,0.0,0.0,3090.671702214,65.60312243364979,26.326105869413837
HCP,d-aug-cc-pVDZ,0.0,0.0,0.0,1933.4034119534997,168.67146247130998,21.11182492024611
HCP,d-aug-cc-pVTZ,0.0,0.0,0.0,2502.29469290136,118.52471970010403,23.819184617746266
HCP,d-aug-cc-pVQZ,0.0,0.0,0.0,2612.2379375039995,107.1035875974626,24.304272486978128
HCP,d-aug-cc-pCVDZ,0.0,0.0,0.0,1993.9447043721593,172.99213862753606,21.43768329292753
HCP,d-aug-cc-pCVTZ,0.0,0.0,0.0,2593.4737837512603,115.7385534058635,24.235309506426095
HCP,d-aug-cc-pCVQZ,0.0,0.0,0.0,2664.0299854139994,102.41553980049076,24.53080765810032
HCP,MRA,0.0,0.0,0.0,2672.6327487861518,96.43189906484817,24.558142824861026
NOCl,aug-cc-pVDZ,0.0,0.0,0.0,5305.4174490794985,1089.1511241080007,35.81494567687456
NOCl,aug-cc-pVTZ,0.0,0.0,0.0,9367.635755955303,1535.7465706604098,47.201254356371386
NOCl,aug-cc-pVQZ,0.0,0.0,0.0,12342.67057607334,2028.4591986553594,54.18488971955173
NOCl,aug-cc-pCVDZ,0.0,0.0,0.0,5457.472975704837,1054.4972899873505,36.238102678133984
NOCl,aug-cc-pCVTZ,0.0,0.0,0.0,9723.44637062163,1389.9926146179187,47.886805167492334
NOCl,aug-cc-pCVQZ,0.0,0.0,0.0,12694.269662304961,1926.1149847878405,54.81230095705063
NOCl,d-aug-cc-pVDZ,0.0,0.0,0.0,12397.692655685998,2635.035470104,54.826987619530854
NOCl,d-aug-cc-pVTZ,0.0,0.0,0.0,12974.411676086938,2238.45565745176,55.64520507444132
NOCl,d-aug-cc-pVQZ,0.0,0.0,0.0,13267.67746304046,2137.1654556658405,56.14189466673544
NOCl,d-aug-cc-pCVDZ,0.0,0.0,0.0,12617.256950302859,2587.108904625441,55.22885298551041
NOCl,d-aug-cc-pCVTZ,0.0,0.0,0.0,13425.23183465166,2086.1609881486397,56.40981165556318
NOCl,d-aug-cc-pCVQZ,0.0,0.0,0.0,13597.56521915376,2028.4346699190394,56.699783192618554
NOCl,MRA,0.0,0.0,0.0,13689.309041142737,1994.4392768962844,56.85081594497253
HNO,aug-cc-pVDZ,0.0,0.0,0.0,3129.195433071,2947.36485811,31.242249886376012
HNO,aug-cc-pVTZ,0.0,0.0,0.0,3193.8581850274195,2622.1241687528795,30.9753510819365
HNO,aug-cc-pVQZ,0.0,0.0,0.0,3046.6798433331,2447.2250420211994,30.168013139850622
HNO,aug-cc-pCVDZ,0.0,0.0,0.0,3135.4574445643198,2931.1799703132797,31.239851443100473
HNO,aug-cc-pCVTZ,0.0,0.0,0.0,3194.6956162446004,2620.6496761784,30.976088239334363
HNO,aug-cc-pCVQZ,0.0,0.0,0.0,3048.7372838448,2445.7070279794,30.17319427973966
HNO,d-aug-cc-pVDZ,0.0,0.0,0.0,2897.6873947767,2350.3166020159997,29.45793965224106
HNO,d-aug-cc-pVTZ,0.0,0.0,0.0,2999.7802459969203,2323.229862508881,29.79727872389302
HNO,d-aug-cc-pVQZ,0.0,0.0,0.0,3015.3418550268,2326.9523561594,29.861186813222147
HNO,d-aug-cc-pCVDZ,0.0,0.0,0.0,2908.7163068279997,2340.588197824,29.48380170898687
HNO,d-aug-cc-pCVTZ,0.0,0.0,0.0,2997.7588065236396,2319.5415571373596,29.783843663961296
HNO,d-aug-cc-pCVQZ,0.0,0.0,0.0,3015.54345250236,2325.4165342370407,29.859487748095333
HNO,MRA,0.0,0.0,0.0,3021.7521166461356,2322.5325575650972,29.877985997666737
NaH,aug-cc-pVDZ,0.0,0.0,0.0,2396456.5089173997,5167.976841697883,730.0945686287298
NaH,aug-cc-pVTZ,0.0,0.0,0.0,2067786.0406656,13186.202480269732,678.7958734733475
NaH,aug-cc-pVQZ,0.0,0.0,0.0,1937417.5814999999,17749.369720444687,657.4402303610459
NaH,aug-cc-pCVDZ,0.0,0.0,0.0,2234356.4061024,2327.3365503105165,704.8016010910892
NaH,aug-cc-pCVTZ,0.0,0.0,0.0,1814877.4617815996,8956.141560562864,635.735061547689
NaH,aug-cc-pCVQZ,0.0,0.0,0.0,1692224.5701653995,13202.976581915525,614.2534744080286
NaH,d-aug-cc-pVDZ,0.0,0.0,0.0,1991211.3714455997,20731.852273552944,666.6827416380978
NaH,d-aug-cc-pVTZ,0.0,0.0,0.0,1964756.5518336003,19434.695955583775,662.1657575701681
NaH,d-aug-cc-pVQZ,0.0,0.0,0.0,1904191.905375,20292.773346553375,651.986504331665
NaH,d-aug-cc-pCVDZ,0.0,0.0,0.0,1899735.1279926002,22234.338378121873,651.3684961771984
NaH,d-aug-cc-pCVTZ,0.0,0.0,0.0,1721696.2234583995,15013.765134165606,619.700769050889
NaH,d-aug-cc-pCVQZ,0.0,0.0,0.0,1668942.1094496,15232.472321889896,610.1858208544649
NaH,MRA,0.0,0.0,0.0,1644213.4689657192,14660.78154609282,605.6211982670543
OF2,aug-cc-pVDZ,0.0,0.0,0.0,32.8240316582718,5.688710955210223,2.7992876331538423
OF2,aug-cc-pVTZ,0.0,0.0,0.0,25.971430650345233,1.2474569696236644,2.4269805230138326
OF2,aug-cc-pVQZ,0.0,0.0,0.0,21.310824955304568,0.5240412066911642,2.187612297759388
OF2,aug-cc-pCVDZ,0.0,0.0,0.0,33.48376970355086,5.115196880849684,2.815670314436717
OF2,aug-cc-pCVTZ,0.0,0.0,0.0,26.26922551835141,1.181283704300689,2.4392845017910796
OF2,aug-cc-pCVQZ,0.0,0.0,0.0,21.3211240476,0.5259322269006588,2.1881764896021716
OF2,d-aug-cc-pVDZ,0.0,0.0,0.0,19.44910269539426,1.563698055035569,2.114461266017381
OF2,d-aug-cc-pVTZ,0.0,0.0,0.0,19.11290953912768,1.2910710927416242,2.0905196441571507
OF2,d-aug-cc-pVQZ,0.0,0.0,0.0,19.181784465851656,1.4207046176052596,2.0971227841654736
OF2,d-aug-cc-pCVDZ,0.0,0.0,0.0,19.807650633414507,1.7954650758310216,2.1383864979576184
OF2,d-aug-cc-pCVTZ,0.0,0.0,0.0,19.201737941269595,1.3502113745507622,2.0965792222853668
OF2,d-aug-cc-pCVQZ,0.0,0.0,0.0,19.16611661071512,1.4191732216919202,2.0962577081671543
OF2,MRA,0.0,0.0,0.0,19.38232661834584,1.3846695386803562,2.106906970505312
HNC,aug-cc-pVDZ,0.0,0.0,0.0,2019.562487334,45.200461489133815,21.28606280428835
HNC,aug-cc-pVTZ,0.0,0.0,0.0,1719.25855396704,87.4257255937018,19.75813037758058
HNC,aug-cc-pVQZ,0.0,0.0,0.0,1564.01192683104,127.65858177430387,18.966184806951414
HNC,aug-cc-pCVDZ,0.0,0.0,0.0,2023.2331298159997,49.799609568421076,21.315491599778564
HNC,aug-cc-pCVTZ,0.0,0.0,0.0,1708.8060033375,83.60049740065504,19.690013193030854
HNC,aug-cc-pCVQZ,0.0,0.0,0.0,1567.6759907640599,126.97485553821723,18.9859233585466
HNC,d-aug-cc-pVDZ,0.0,0.0,0.0,1442.9664950717397,175.14484748361457,18.366809270860287
HNC,d-aug-cc-pVTZ,0.0,0.0,0.0,1492.34359510374,158.56173067833842,18.620768706756284
HNC,d-aug-cc-pVQZ,0.0,0.0,0.0,1502.60272805376,152.5989884834436,18.66668032467753
HNC,d-aug-cc-pCVDZ,0.0,0.0,0.0,1430.199479904,179.4335764454173,18.300574272075565
HNC,d-aug-cc-pCVTZ,0.0,0.0,0.0,1489.74917333976,158.68606875448495,18.605599447001932
HNC,d-aug-cc-pCVQZ,0.0,0.0,0.0,1502.17698930774,152.51908708956847,18.66394213656153
HNC,MRA,0.0,0.0,0.0,1500.8539218418032,149.69401035172362,18.648851604242893
BH2F,aug-cc-pVDZ,0.0,0.0,0.0,2324.9801337156296,684.556885202994,24.12173596086449
BH2F,aug-cc-pVTZ,0.0,0.0,0.0,2560.9354797793235,595.6272581429232,25.01645815901434
BH2F,aug-cc-pVQZ,0.0,0.0,0.0,2432.1143114697734,570.1647710299803,24.387932543740625
BH2F,aug-cc-pCVDZ,0.0,0.0,0.0,2343.185412931377,676.2359174285639,24.1890737782121
BH2F,aug-cc-pCVTZ,0.0,0.0,0.0,2555.1686416400194,594.8606531959813,24.989370725175462
BH2F,aug-cc-pCVQZ,0.0,0.0,0.0,2430.992874919523,568.9026838599951,24.38035780823717
BH2F,d-aug-cc-pVDZ,0.0,0.0,0.0,2370.582617185418,647.3619344949116,24.25798125820158
BH2F,d-aug-cc-pVTZ,0.0,0.0,0.0,2402.773749183163,559.0028508778294,24.2319641958916
BH2F,d-aug-cc-pVQZ,0.0,0.0,0.0,2385.306340795378,555.7245875733192,24.145273386933624
BH2F,d-aug-cc-pCVDZ,0.0,0.0,0.0,2374.77148116209,634.6826932648662,24.25227755492106
BH2F,d-aug-cc-pCVTZ,0.0,0.0,0.0,2401.968108890106,557.2548260847732,24.224833932620008
BH2F,d-aug-cc-pCVQZ,0.0,0.0,0.0,2384.629229183647,555.6825888976205,24.14207443052145
BH2F,MRA,0.0,0.0,0.0,2383.869736040584,555.2175760381859,24.137661332776833
LiBH4,aug-cc-pVDZ,0.0,0.0,0.0,14573.290554445515,3749.1702542413277,59.96309569924048
LiBH4,aug-cc-pVTZ,0.0,0.0,0.0,12354.024467767276,3161.1464624272962,55.194205660242716
LiBH4,aug-cc-pVQZ,0.0,0.0,0.0,12168.980316680452,3172.1948978440205,54.830025058774865
LiBH4,aug-cc-pCVDZ,0.0,0.0,0.0,14356.599504091888,3771.2353877887563,59.57785427808938
LiBH4,aug-cc-pCVTZ,0.0,0.0,0.0,12272.832600308968,3163.271563126287,55.032354954108335
LiBH4,aug-cc-pCVQZ,0.0,0.0,0.0,12157.19129247513,3171.888184268174,54.80586331746262
LiBH4,d-aug-cc-pVDZ,0.0,0.0,0.0,13004.908563858127,3752.6565129873334,56.98574856257578
LiBH4,d-aug-cc-pVTZ,0.0,0.0,0.0,12252.657663103826,3172.966713235979,55.00000109132314
LiBH4,d-aug-cc-pVQZ,0.0,0.0,0.0,12126.958862479201,3166.483376769381,54.73983551879022
LiBH4,d-aug-cc-pCVDZ,0.0,0.0,0.0,12811.334379239563,3744.3067121459,56.6000338748888
LiBH4,d-aug-cc-pCVTZ,0.0,0.0,0.0,12184.468668051077,3173.6989018365557,54.86270812019307
LiBH4,d-aug-cc-pCVQZ,0.0,0.0,0.0,12119.095415720038,3164.347922899982,54.722013700631216
LiBH4,MRA,0.0,0.0,0.0,12071.93433026805,3159.2768022299665,54.62175004855833
